[script.viserlab.com/visermart/demo/index.php]
[backblue.gif]
[fade.gif]
[index.php]
[script.viserlab.com/visermart/demo/assets/images/logo_icon/favicon.png]
[script.viserlab.com/visermart/demo/assets/images/logo_icon/logo.png]
[script.viserlab.com/visermart/demo/assets/images/seo/6772686179dbb1735551073.png]
[script.viserlab.com/visermart/demo/assets/global/css/bootstrap.min.css]
[script.viserlab.com/visermart/demo/assets/global/css/all.min.css]
[script.viserlab.com/visermart/demo/assets/global/css/line-awesome.min.css]
[script.viserlab.com/visermart/demo/assets/templates/basic/css/banner.css]
[script.viserlab.com/visermart/demo/assets/templates/basic/js/lazyload.js]
[script.viserlab.com/visermart/demo/assets/templates/basic/css/owl.carousel.min.css]
[script.viserlab.com/visermart/demo/assets/templates/basic/css/product-details.css]
[script.viserlab.com/visermart/demo/assets/templates/basic/css/xzoom/xzoom.css]
[script.viserlab.com/visermart/demo/assets/templates/basic/css/xzoom/magnific-popup.css]
[script.viserlab.com/visermart/demo/assets/global/css/select2.min.css]
[script.viserlab.com/visermart/demo/assets/templates/basic/css/main.css]
[script.viserlab.com/visermart/demo/assets/templates/basic/css/color56a1.css]
[script.viserlab.com/visermart/demo/assets/templates/basic/css/service-section.css]
[script.viserlab.com/visermart/demo/assets/images/logo_icon/preloader.gif]
[script.viserlab.com/visermart/demo/track-order.php]
[script.viserlab.com/visermart/demo/assets/images/language/67076f5911ee81728540505.png]
[script.viserlab.com/visermart/demo/assets/images/language/676d4c1f378d31735216159.png]
[script.viserlab.com/visermart/demo/assets/images/language/676d4c5f270751735216223.png]
[script.viserlab.com/visermart/demo/assets/images/logo_icon/logo_dark.png]
[script.viserlab.com/visermart/demo/compare-products.php]
[script.viserlab.com/visermart/demo/assets/images/category/icons/6721dd3d597971730272573.png]
[script.viserlab.com/visermart/demo/products/fashion-apparel.php]
[script.viserlab.com/visermart/demo/products/mens-fashion.php]
[script.viserlab.com/visermart/demo/products/clothing.php]
[script.viserlab.com/visermart/demo/products/shirts.php]
[script.viserlab.com/visermart/demo/products/pants.php]
[script.viserlab.com/visermart/demo/products/jackets.php]
[script.viserlab.com/visermart/demo/products/suits.php]
[script.viserlab.com/visermart/demo/products/activewear.php]
[script.viserlab.com/visermart/demo/products/t-shirts.php]
[script.viserlab.com/visermart/demo/products/shoes.php]
[script.viserlab.com/visermart/demo/products/casual-shoes.php]
[script.viserlab.com/visermart/demo/products/formal-shoes.php]
[script.viserlab.com/visermart/demo/products/sports-shoes.php]
[script.viserlab.com/visermart/demo/products/mens-watches.php]
[script.viserlab.com/visermart/demo/products/mens-sunglasses.php]
[script.viserlab.com/visermart/demo/products/wallets.php]
[script.viserlab.com/visermart/demo/products/womens-fashion.php]
[script.viserlab.com/visermart/demo/products/womens-dresses.php]
[script.viserlab.com/visermart/demo/products/women-tops.php]
[script.viserlab.com/visermart/demo/products/women-skirts.php]
[script.viserlab.com/visermart/demo/products/women-pants.php]
[script.viserlab.com/visermart/demo/products/womens-shoes.php]
[script.viserlab.com/visermart/demo/products/womens-clothing.php]
[script.viserlab.com/visermart/demo/products/women-heel-shoes.php]
[script.viserlab.com/visermart/demo/products/women-flats-shoes.php]
[script.viserlab.com/visermart/demo/products/women-sports.php]
[script.viserlab.com/visermart/demo/products/womens-bags.php]
[script.viserlab.com/visermart/demo/products/jewelry.php]
[script.viserlab.com/visermart/demo/products/scarves.php]
[script.viserlab.com/visermart/demo/products/womens-sunglasses.php]
[script.viserlab.com/visermart/demo/products/kids-fashion.php]
[script.viserlab.com/visermart/demo/products/kids-clothing.php]
[script.viserlab.com/visermart/demo/products/boys.php]
[script.viserlab.com/visermart/demo/products/girls.php]
[script.viserlab.com/visermart/demo/products/infants.php]
[script.viserlab.com/visermart/demo/products/kids-shoes.php]
[script.viserlab.com/visermart/demo/products/slipper.php]
[script.viserlab.com/visermart/demo/products/kids-school-shoes.php]
[script.viserlab.com/visermart/demo/products/ethnic-wear.php]
[script.viserlab.com/visermart/demo/products/sarees.php]
[script.viserlab.com/visermart/demo/products/kurtas.php]
[script.viserlab.com/visermart/demo/products/abayas.php]
[script.viserlab.com/visermart/demo/products/kaftans.php]
[script.viserlab.com/visermart/demo/products/mens-waist-court.php]
[script.viserlab.com/visermart/demo/assets/images/category/icons/6721dcc2db7681730272450.png]
[script.viserlab.com/visermart/demo/products/jewelry-ornaments.php]
[script.viserlab.com/visermart/demo/products/gifts-special-occasions.php]
[script.viserlab.com/visermart/demo/assets/images/category/icons/6721dd24e79661730272548.png]
[script.viserlab.com/visermart/demo/products/books-stationary.php]
[script.viserlab.com/visermart/demo/assets/images/category/icons/6721dd14115261730272532.png]
[script.viserlab.com/visermart/demo/assets/images/category/icons/6721dcfdc11171730272509.png]
[script.viserlab.com/visermart/demo/products/stationery-office-supplies.php]
[script.viserlab.com/visermart/demo/assets/images/category/icons/6721dcefe2e5c1730272495.png]
[script.viserlab.com/visermart/demo/products/automobile-accessories.php]
[script.viserlab.com/visermart/demo/assets/images/category/icons/6721dcd290bd71730272466.png]
[script.viserlab.com/visermart/demo/products/travel-luggage.php]
[script.viserlab.com/visermart/demo/products/backpacks.php]
[script.viserlab.com/visermart/demo/products/luggage.php]
[script.viserlab.com/visermart/demo/assets/images/category/icons/6721dc84ca3521730272388.png]
[script.viserlab.com/visermart/demo/products/sports-outdoors.php]
[script.viserlab.com/visermart/demo/products/outdoor-gear.php]
[script.viserlab.com/visermart/demo/products/tents.php]
[script.viserlab.com/visermart/demo/products/sleeping-bags.php]
[script.viserlab.com/visermart/demo/products/sports-equipment.php]
[script.viserlab.com/visermart/demo/products/cycling-scooters.php]
[script.viserlab.com/visermart/demo/products/water-sports.php]
[script.viserlab.com/visermart/demo/products/sports-active-wear.php]
[script.viserlab.com/visermart/demo/assets/images/category/icons/6721dc99ca78d1730272409.png]
[script.viserlab.com/visermart/demo/products/gadgets-electronics.php]
[script.viserlab.com/visermart/demo/products/smartphones-and-accessories.php]
[script.viserlab.com/visermart/demo/products/smartphones.php]
[script.viserlab.com/visermart/demo/products/phone-cases.php]
[script.viserlab.com/visermart/demo/products/chargers.php]
[script.viserlab.com/visermart/demo/products/wearable-tech.php]
[script.viserlab.com/visermart/demo/products/fitness-band.php]
[script.viserlab.com/visermart/demo/products/smartwatch.php]
[script.viserlab.com/visermart/demo/products/audio.php]
[script.viserlab.com/visermart/demo/products/headphones.php]
[script.viserlab.com/visermart/demo/products/earbuds.php]
[script.viserlab.com/visermart/demo/products/speakers.php]
[script.viserlab.com/visermart/demo/products/computing-accessories.php]
[script.viserlab.com/visermart/demo/products/laptops.php]
[script.viserlab.com/visermart/demo/products/keyboards.php]
[script.viserlab.com/visermart/demo/products/mouse.php]
[script.viserlab.com/visermart/demo/products/home-entertainment.php]
[script.viserlab.com/visermart/demo/products/tvs.php]
[script.viserlab.com/visermart/demo/products/streaming-devices.php]
[script.viserlab.com/visermart/demo/products/tablets.php]
[script.viserlab.com/visermart/demo/products/cameras-photography.php]
[script.viserlab.com/visermart/demo/products/dslrs.php]
[script.viserlab.com/visermart/demo/products/action-cameras.php]
[script.viserlab.com/visermart/demo/products/camera-accessories.php]
[script.viserlab.com/visermart/demo/products/feature-phones.php]
[script.viserlab.com/visermart/demo/products/health-wellness.php]
[script.viserlab.com/visermart/demo/assets/images/category/icons/6721dc70e81d41730272368.png]
[script.viserlab.com/visermart/demo/products/fitness-exercise.php]
[script.viserlab.com/visermart/demo/products/yoga-mats.php]
[script.viserlab.com/visermart/demo/products/dumbbells.php]
[script.viserlab.com/visermart/demo/products/resistance-bands.php]
[script.viserlab.com/visermart/demo/products/fitness-trackers.php]
[script.viserlab.com/visermart/demo/products/smartwatches.php]
[script.viserlab.com/visermart/demo/products/vitamins-and-supplements.php]
[script.viserlab.com/visermart/demo/products/protein-powders.php]
[script.viserlab.com/visermart/demo/products/multivitamins.php]
[script.viserlab.com/visermart/demo/products/herbal-supplements.php]
[script.viserlab.com/visermart/demo/products/personal-care-devices.php]
[script.viserlab.com/visermart/demo/products/massagers.php]
[script.viserlab.com/visermart/demo/products/hair-removal-tools.php]
[script.viserlab.com/visermart/demo/products/thermometers.php]
[script.viserlab.com/visermart/demo/products/meditation-relaxation.php]
[script.viserlab.com/visermart/demo/products/essential-oils.php]
[script.viserlab.com/visermart/demo/products/stress-relief-products.php]
[script.viserlab.com/visermart/demo/products/scented-candles.php]
[script.viserlab.com/visermart/demo/assets/images/category/icons/6721dc16a0fd31730272278.png]
[script.viserlab.com/visermart/demo/products/home-living.php]
[script.viserlab.com/visermart/demo/products/furniture.php]
[script.viserlab.com/visermart/demo/products/living-room-furniture.php]
[script.viserlab.com/visermart/demo/products/living-room-sofas.php]
[script.viserlab.com/visermart/demo/products/coffee-tables.php]
[script.viserlab.com/visermart/demo/products/bedroom-furniture.php]
[script.viserlab.com/visermart/demo/products/beds.php]
[script.viserlab.com/visermart/demo/products/wardrobes.php]
[script.viserlab.com/visermart/demo/products/office-furniture.php]
[script.viserlab.com/visermart/demo/products/desks.php]
[script.viserlab.com/visermart/demo/products/chairs.php]
[script.viserlab.com/visermart/demo/products/home-decor.php]
[script.viserlab.com/visermart/demo/products/wall-art.php]
[script.viserlab.com/visermart/demo/products/lighting.php]
[script.viserlab.com/visermart/demo/products/rugs-and-carpets.php]
[script.viserlab.com/visermart/demo/products/curtains.php]
[script.viserlab.com/visermart/demo/products/bedding-linens.php]
[script.viserlab.com/visermart/demo/products/bedsheets.php]
[script.viserlab.com/visermart/demo/products/duvets.php]
[script.viserlab.com/visermart/demo/products/pillow-covers.php]
[script.viserlab.com/visermart/demo/products/towels.php]
[script.viserlab.com/visermart/demo/products/kitchenware-dining.php]
[script.viserlab.com/visermart/demo/products/cookware.php]
[script.viserlab.com/visermart/demo/products/dinnerware.php]
[script.viserlab.com/visermart/demo/products/glassware.php]
[script.viserlab.com/visermart/demo/products/storage-and-organization.php]
[script.viserlab.com/visermart/demo/products/baskets.php]
[script.viserlab.com/visermart/demo/products/shelves.php]
[script.viserlab.com/visermart/demo/products/cabinets.php]
[script.viserlab.com/visermart/demo/products/home-appliances.php]
[script.viserlab.com/visermart/demo/products/kitchen-appliances.php]
[script.viserlab.com/visermart/demo/products/microwaves.php]
[script.viserlab.com/visermart/demo/products/cleaning-appliances.php]
[script.viserlab.com/visermart/demo/assets/images/category/icons/6721dcae7f50d1730272430.png]
[script.viserlab.com/visermart/demo/products/beauty-personal-care.php]
[script.viserlab.com/visermart/demo/products/skincare.php]
[script.viserlab.com/visermart/demo/products/moisturizers.php]
[script.viserlab.com/visermart/demo/products/serums.php]
[script.viserlab.com/visermart/demo/products/sunscreen.php]
[script.viserlab.com/visermart/demo/products/cleansers.php]
[script.viserlab.com/visermart/demo/products/haircare.php]
[script.viserlab.com/visermart/demo/products/shampoos.php]
[script.viserlab.com/visermart/demo/products/conditioners.php]
[script.viserlab.com/visermart/demo/products/hair-treatments.php]
[script.viserlab.com/visermart/demo/products/makeup.php]
[script.viserlab.com/visermart/demo/products/lipsticks.php]
[script.viserlab.com/visermart/demo/products/eye-makeup.php]
[script.viserlab.com/visermart/demo/products/blushes.php]
[script.viserlab.com/visermart/demo/products/fragrances.php]
[script.viserlab.com/visermart/demo/products/perfumes.php]
[script.viserlab.com/visermart/demo/products/deodorants.php]
[script.viserlab.com/visermart/demo/products/body-mists.php]
[script.viserlab.com/visermart/demo/products/personal-hygiene.php]
[script.viserlab.com/visermart/demo/products/bath-and-body.php]
[script.viserlab.com/visermart/demo/products/feminine-care.php]
[script.viserlab.com/visermart/demo/products/oral-care.php]
[script.viserlab.com/visermart/demo/products/mens-grooming.php]
[script.viserlab.com/visermart/demo/products/shaving.php]
[script.viserlab.com/visermart/demo/products/beard-care.php]
[script.viserlab.com/visermart/demo/products/hair-styling.php]
[script.viserlab.com/visermart/demo/products/toys-baby-products.php]
[script.viserlab.com/visermart/demo/assets/images/category/icons/6721dd30aba941730272560.png]
[script.viserlab.com/visermart/demo/products.php]
[script.viserlab.com/visermart/demo/about-us.php]
[script.viserlab.com/visermart/demo/categories.php]
[script.viserlab.com/visermart/demo/contact.php]
[script.viserlab.com/visermart/demo/assets/images/svg/category.svg]
[script.viserlab.com/visermart/demo/assets/images/svg/wishlist.svg]
[script.viserlab.com/visermart/demo/assets/images/svg/compare.svg]
[script.viserlab.com/visermart/demo/assets/images/svg/my_account.svg]
[script.viserlab.com/visermart/demo/assets/images/frontend/banner/6718b8ecbd6a11729673452.png]
[script.viserlab.com/visermart/demo/assets/images/frontend/banner/67189fe766ad21729667047.png]
[script.viserlab.com/visermart/demo/assets/images/frontend/banner/67189f48992c11729666888.png]
[script.viserlab.com/visermart/demo/assets/images/frontend/banner/67189f3d37d841729666877.png]
[script.viserlab.com/visermart/demo/assets/images/frontend/banner/67179af0746a01729600240.png]
[script.viserlab.com/visermart/demo/assets/images/frontend/banner/67179c9cb10841729600668.png]
[script.viserlab.com/visermart/demo/assets/images/frontend/banner/67178fb2b43d91729597362.png]
[script.viserlab.com/visermart/demo/assets/images/frontend/banner/67178e93dc25b1729597075.png]
[script.viserlab.com/visermart/demo/assets/images/default.png]
[script.viserlab.com/visermart/demo/assets/images/frontend/banner/673099d36f6e71731238355.png]
[script.viserlab.com/visermart/demo/placeholder-image/460x230.jpg]
[script.viserlab.com/visermart/demo/product/classic-soccer-ball.php]
[script.viserlab.com/visermart/demo/product/yonex-astrox-63-badminton-racket.php]
[script.viserlab.com/visermart/demo/product/lowepro-pro-roller-x-450-aw.php]
[script.viserlab.com/visermart/demo/product/black-abaya-with-brown-trim.php]
[script.viserlab.com/visermart/demo/product/pink-cotton-kurti-with-white-prints.php]
[script.viserlab.com/visermart/demo/product/blue-printed-georgette-saree-with-tassels.php]
[script.viserlab.com/visermart/demo/product/mens-maroon-puffer-jacket.php]
[script.viserlab.com/visermart/demo/product/colmi-p71-bluetooth-calling-smart-watch.php]
[script.viserlab.com/visermart/demo/product/mens-brown-leather-slip-on-shoes.php]
[script.viserlab.com/visermart/demo/product/google-pixel-9.php]
[script.viserlab.com/visermart/demo/product/rolex-submariner-date-18k-yellow-gold.php]
[script.viserlab.com/visermart/demo/product/golf-zipper-leather-wallet.php]
[script.viserlab.com/visermart/demo/assets/images/collection/673dc322cb3f41732100898.png]
[script.viserlab.com/visermart/demo/product/mens-short-sleeve-t-shirt-with-fantastic-graphic.php]
[script.viserlab.com/visermart/demo/product/oversized-t-shirt-with-logo.php]
[script.viserlab.com/visermart/demo/product/mens-green-striped-t-shirt.php]
[script.viserlab.com/visermart/demo/product/man-active-performance-t-shirt-black.php]
[script.viserlab.com/visermart/demo/product/eleiko-mens-t-shirt.php]
[script.viserlab.com/visermart/demo/product/mens-black-camouflage-patterned-t-shirt.php]
[script.viserlab.com/visermart/demo/product/classic-gingham-shirt.php]
[script.viserlab.com/visermart/demo/product/mens-full-sleeve-shirt.php]
[script.viserlab.com/visermart/demo/product/mens-full-sleeve-formal-shirt.php]
[script.viserlab.com/visermart/demo/product/green-plaid-flannel-shirt.php]
[script.viserlab.com/visermart/demo/product/blue-plaid-shirt.php]
[script.viserlab.com/visermart/demo/product/mens-plaid-button-down-shirt.php]
[script.viserlab.com/visermart/demo/product/mens-regular-fit-button-up-shirt.php]
[script.viserlab.com/visermart/demo/product/denim-shirt-mens-casual-button-up-blue.php]
[script.viserlab.com/visermart/demo/product/mens-checkered-button-down-shirt.php]
[script.viserlab.com/visermart/demo/product/blue-plaid-flannel-shirt.php]
[script.viserlab.com/visermart/demo/product/mens-casual-plaid-button-down-shirt.php]
[script.viserlab.com/visermart/demo/product/mens-denim-shorts.php]
[script.viserlab.com/visermart/demo/product/black-ribbed-jogger-pants.php]
[script.viserlab.com/visermart/demo/product/black-denim-jeans-for-men.php]
[script.viserlab.com/visermart/demo/product/mens-distressed-black-denim-jeans.php]
[script.viserlab.com/visermart/demo/product/classic-blue-denim-jeans-2.php]
[script.viserlab.com/visermart/demo/product/mens-classic-blue-denim-jeans-2.php]
[script.viserlab.com/visermart/demo/product/classic-blue-denim-jeans.php]
[script.viserlab.com/visermart/demo/product/mens-classic-blue-denim-jeans.php]
[script.viserlab.com/visermart/demo/product/mens-casual-blue-chino-shorts.php]
[script.viserlab.com/visermart/demo/product/distressed-denim-jeans-classic-blue.php]
[script.viserlab.com/visermart/demo/product/mens-navy-blue-cotton-short-pants.php]
[script.viserlab.com/visermart/demo/assets/images/collection/673dc0c405bea1732100292.png]
[script.viserlab.com/visermart/demo/product/pink-satin-bow-dress.php]
[script.viserlab.com/visermart/demo/product/pink-floral-embroidered-tulle-ball-gown.php]
[script.viserlab.com/visermart/demo/product/womens-white-embroidered-top.php]
[script.viserlab.com/visermart/demo/product/womens-casual-loose-half-sleeve-v-neck-chiffon-blouse.php]
[script.viserlab.com/visermart/demo/product/womens-summer-casual-loose-tops-v-neck-short-sleeve-blouses.php]
[script.viserlab.com/visermart/demo/product/fashionable-octagon-sunglasses.php]
[script.viserlab.com/visermart/demo/product/fashionable-geometric-style-sunglasses-for-women.php]
[script.viserlab.com/visermart/demo/product/rhinestone-sunglasses.php]
[script.viserlab.com/visermart/demo/product/oversized-sunglasses-women-fashion-gradient-sun-glasses.php]
[script.viserlab.com/visermart/demo/product/womens-yoga-outfits-4-piece-set-sportswear-activewear-gym-fitness-workout-clothes.php]
[script.viserlab.com/visermart/demo/product/womens-high-waist-workout-leggings.php]
[script.viserlab.com/visermart/demo/product/womens-black-t-shirt-and-olive-green-leggings.php]
[script.viserlab.com/visermart/demo/product/womens-blue-yoga-fitness-sportswear-set.php]
[script.viserlab.com/visermart/demo/product/womens-blue-white-crop-top-leggings-set.php]
[script.viserlab.com/visermart/demo/product/womens-black-crop-top-and-leggings-set.php]
[script.viserlab.com/visermart/demo/product/womens-black-red-sporty-crop-top-leggings-set.php]
[script.viserlab.com/visermart/demo/product/womens-high-waist-a-line-skirt-with-belt.php]
[script.viserlab.com/visermart/demo/product/womens-denim-a-line-skirt.php]
[script.viserlab.com/visermart/demo/product/womens-high-waist-button-a-line-skirt.php]
[script.viserlab.com/visermart/demo/product/womens-casual-a-line-mini-skirt-with-drawstring-waist.php]
[script.viserlab.com/visermart/demo/product/womens-high-waist-a-line-skirt-with-bow.php]
[script.viserlab.com/visermart/demo/product/womens-high-waisted-a-line-pleated-skirt-beige.php]
[script.viserlab.com/visermart/demo/product/womens-casual-button-front-a-line-skirt-with-pockets.php]
[script.viserlab.com/visermart/demo/product/womens-casual-button-down-a-line-skirt.php]
[script.viserlab.com/visermart/demo/product/womens-classic-red-block-heel-pumps.php]
[script.viserlab.com/visermart/demo/product/womens-breathable-knit-slip-on-casual-sneakers.php]
[script.viserlab.com/visermart/demo/product/womens-pink-velvet-kitten-heel-pumps-with-gold-chain-detail.php]
[script.viserlab.com/visermart/demo/product/red-knitted-chain-buckle-block-heel-womens-pumps.php]
[script.viserlab.com/visermart/demo/product/womens-black-wedge-heel-formal-party-shoes-with-rhinestones.php]
[script.viserlab.com/visermart/demo/product/geometric-print-scarf.php]
[script.viserlab.com/visermart/demo/product/printed-cotton-hijab.php]
[script.viserlab.com/visermart/demo/product/plaid-blanket-scarf-1.php]
[script.viserlab.com/visermart/demo/product/plaid-scarf-winter-warm-cozy-soft-blanket-scarf-shawl-wrap-for-women.php]
[script.viserlab.com/visermart/demo/product/plaid-blanket-scarf.php]
[script.viserlab.com/visermart/demo/product/black-white-floral-printed-scarf.php]
[script.viserlab.com/visermart/demo/product/pink-banarasi-silk-saree-with-woven-design.php]
[script.viserlab.com/visermart/demo/product/pink-printed-cotton-saree-with-green-border.php]
[script.viserlab.com/visermart/demo/product/pink-and-white-block-printed-cotton-saree-with-tassels.php]
[script.viserlab.com/visermart/demo/product/high-waisted-mom-jeans.php]
[script.viserlab.com/visermart/demo/product/wide-leg-cargo-pants.php]
[script.viserlab.com/visermart/demo/product/suede-cargo-pants.php]
[script.viserlab.com/visermart/demo/product/womens-cargo-pants.php]
[script.viserlab.com/visermart/demo/product/womens-high-waist-wide-leg-pants.php]
[script.viserlab.com/visermart/demo/product/womens-casual-loose-wide-leg-linen-pants-with-drawstring-waist.php]
[script.viserlab.com/visermart/demo/product/womens-floral-printed-a-line-kurta-with-white-palazzos.php]
[script.viserlab.com/visermart/demo/product/green-floral-printed-kurta-with-pink-palazzo-pants.php]
[script.viserlab.com/visermart/demo/product/maroon-embroidered-kurta.php]
[script.viserlab.com/visermart/demo/product/floral-printed-kurta.php]
[script.viserlab.com/visermart/demo/product/gold-plated-necklace-set-with-pearls-for-women.php]
[script.viserlab.com/visermart/demo/product/gold-plated-kundan-necklace-set.php]
[script.viserlab.com/visermart/demo/product/gold-plated-kundan-and-meenakari-necklace-set-with-earrings.php]
[script.viserlab.com/visermart/demo/product/diamond-ring-in-14k-gold-with-a-delicate-floral-design.php]
[script.viserlab.com/visermart/demo/product/22k-gold-designer-bangles-with-red-stone-set-of-2.php]
[script.viserlab.com/visermart/demo/product/gold-plated-kundan-and-pearl-jhumka-earrings.php]
[script.viserlab.com/visermart/demo/product/gold-necklace-with-intricate-design.php]
[script.viserlab.com/visermart/demo/product/classic-pointed-toe-stiletto-heels.php]
[script.viserlab.com/visermart/demo/product/womens-pointed-slingback-heels.php]
[script.viserlab.com/visermart/demo/product/womens-rhinestone-open-toe-slingback-high-heel-sandals.php]
[script.viserlab.com/visermart/demo/product/womens-black-chain-decorated-slip-on-ballerina-flats.php]
[script.viserlab.com/visermart/demo/product/womens-suede-pointed-toe-bow-flat-ballerina-flats.php]
[script.viserlab.com/visermart/demo/product/womens-classic-pointed-toe-ballerina-flats.php]
[script.viserlab.com/visermart/demo/product/womens-pointed-toe-ballet-flat-slip-on-casual-shoes.php]
[script.viserlab.com/visermart/demo/product/womens-classic-double-breasted-wool-blend-peacoat.php]
[script.viserlab.com/visermart/demo/product/womens-speckled-cropped-sweater.php]
[script.viserlab.com/visermart/demo/product/womens-casual-solid-colour-hooded-cardigan.php]
[script.viserlab.com/visermart/demo/product/pink-monkey-sweatshirt.php]
[script.viserlab.com/visermart/demo/product/womens-casual-long-sleeve-knitted-sweater.php]
[script.viserlab.com/visermart/demo/product/navy-blue-floral-printed-kurta-with-palazzo.php]
[script.viserlab.com/visermart/demo/product/navy-blue-embroidered-anarkali-suit-with-dupatta.php]
[script.viserlab.com/visermart/demo/product/purple-embroidered-kurta-with-matching-palazzo-pants.php]
[script.viserlab.com/visermart/demo/product/green-floral-printed-anarkali-suit.php]
[script.viserlab.com/visermart/demo/product/womens-small-shoulder-bag-light-blue.php]
[script.viserlab.com/visermart/demo/product/womens-large-capacity-quilted-pu-leather-handbag.php]
[script.viserlab.com/visermart/demo/product/fashionable-womens-small-shoulder-bag-with-fur-charm.php]
[script.viserlab.com/visermart/demo/product/fashionable-faux-leather-crossbody-bag.php]
[script.viserlab.com/visermart/demo/product/womens-fashionable-designer-handbag-with-fur-charm.php]
[script.viserlab.com/visermart/demo/product/embroidered-abaya-for-women.php]
[script.viserlab.com/visermart/demo/product/grey-abaya-with-black-embroidery.php]
[script.viserlab.com/visermart/demo/product/abaya-dress-with-pockets-and-belt.php]
[script.viserlab.com/visermart/demo/product/black-abaya-with-grey-border.php]
[script.viserlab.com/visermart/demo/assets/images/collection/6742ebe35fd931732439011.png]
[script.viserlab.com/visermart/demo/product/gold-necklace-set-with-earrings.php]
[script.viserlab.com/visermart/demo/product/gold-necklace-with-emerald-and-ruby-stones.php]
[script.viserlab.com/visermart/demo/product/diamond-engagement-ring-in-yellow-gold.php]
[script.viserlab.com/visermart/demo/product/gold-jhumka-earrings.php]
[script.viserlab.com/visermart/demo/assets/images/collection/673dafe8efc981732095976.png]
[script.viserlab.com/visermart/demo/product/lige-bw0256-smart-watch.php]
[script.viserlab.com/visermart/demo/product/apple-watch-ultra.php]
[script.viserlab.com/visermart/demo/product/apple-watch-series-10-titanium-edition.php]
[script.viserlab.com/visermart/demo/product/apple-watch-series-10.php]
[script.viserlab.com/visermart/demo/product/apple-watch-ultra-2.php]
[script.viserlab.com/visermart/demo/product/apple-watch-se.php]
[script.viserlab.com/visermart/demo/assets/images/collection/673dc20809a781732100616.png]
[script.viserlab.com/visermart/demo/product/realme-10-pro.php]
[script.viserlab.com/visermart/demo/product/nothing-phone-2.php]
[script.viserlab.com/visermart/demo/product/motorola-edge-50-neo-5g.php]
[script.viserlab.com/visermart/demo/product/oppo-reno12-f.php]
[script.viserlab.com/visermart/demo/product/infinix-hot-50-pro-plus.php]
[script.viserlab.com/visermart/demo/product/vivo-v27-pro.php]
[script.viserlab.com/visermart/demo/product/xiaomi-redmi-12.php]
[script.viserlab.com/visermart/demo/product/samsung-galaxy-a55-5g.php]
[script.viserlab.com/visermart/demo/product/galaxy-s24-ultra-5g.php]
[script.viserlab.com/visermart/demo/assets/images/collection/6742e704df6251732437764.png]
[script.viserlab.com/visermart/demo/product/iphone-15-pro.php]
[script.viserlab.com/visermart/demo/product/round-hill-district-salute-the-pioneers.php]
[script.viserlab.com/visermart/demo/product/the-big-deal-6-steps-formula.php]
[script.viserlab.com/visermart/demo/product/a-kids-book-about-periods.php]
[script.viserlab.com/visermart/demo/product/a-kids-book-about-beauty.php]
[script.viserlab.com/visermart/demo/product/product-led-onboarding-how-to-turn-users-into-lifelong-customers.php]
[script.viserlab.com/visermart/demo/product/mascot-mascots-in-contemporary-graphic-design.php]
[script.viserlab.com/visermart/demo/product/iphone-15.php]
[script.viserlab.com/visermart/demo/product/hooked-how-to-build-habit-forming-products.php]
[script.viserlab.com/visermart/demo/product/rebel-girls-dads-and-daughters-25-tales-of-teamwork-and-fun.php]
[script.viserlab.com/visermart/demo/apple/products.php]
[script.viserlab.com/visermart/demo/nivea/products.php]
[script.viserlab.com/visermart/demo/dove/products.php]
[script.viserlab.com/visermart/demo/sony/products.php]
[script.viserlab.com/visermart/demo/canon/products.php]
[script.viserlab.com/visermart/demo/gucci/products.php]
[script.viserlab.com/visermart/demo/diesel/products.php]
[script.viserlab.com/visermart/demo/dolge-gabbana/products.php]
[script.viserlab.com/visermart/demo/samsung/products.php]
[script.viserlab.com/visermart/demo/nike/products.php]
[script.viserlab.com/visermart/demo/xiaomi/products.php]
[script.viserlab.com/visermart/demo/vivo/products.php]
[script.viserlab.com/visermart/demo/oppo/products.php]
[script.viserlab.com/visermart/demo/realme/products.php]
[script.viserlab.com/visermart/demo/google/products.php]
[script.viserlab.com/visermart/demo/nokia/products.php]
[script.viserlab.com/visermart/demo/assets/images/frontend/services/6739fca46ea611731853476.png]
[script.viserlab.com/visermart/demo/assets/images/frontend/services/6739fcbe2422c1731853502.png]
[script.viserlab.com/visermart/demo/assets/images/frontend/services/6739f654a40241731851860.png]
[script.viserlab.com/visermart/demo/assets/images/frontend/services/6739f65c524471731851868.png]
[script.viserlab.com/visermart/demo/cart.php]
[script.viserlab.com/visermart/demo/wishlist.php]
[script.viserlab.com/visermart/demo/cookie-policy.php]
[script.viserlab.com/visermart/demo/assets/images/frontend/footer/67715a0cd06bf1735481868.png]
[script.viserlab.com/visermart/demo/policy/privacy-policy.php]
[script.viserlab.com/visermart/demo/policy/return-policy.php]
[script.viserlab.com/visermart/demo/policy/terms-and-conditions.php]
[script.viserlab.com/visermart/demo/offers.php]
[script.viserlab.com/visermart/demo/user/register.php]
[script.viserlab.com/visermart/demo/user/login.php]
[script.viserlab.com/visermart/demo/faq.php]
[script.viserlab.com/visermart/demo/brands.php]
[script.viserlab.com/visermart/demo/assets/images/frontend/footer/637cd4514c0c21669125201.png]
[script.viserlab.com/visermart/demo/user/password/reset.php]
[script.viserlab.com/cdn-cgi/scripts/5c5dd728/cloudflare-static/email-decode.min.js]
[www.google.com/recaptcha/api.js]
[script.viserlab.com/visermart/demo/assets/templates/basic/images/google.svg]
[script.viserlab.com/visermart/demo/assets/global/js/jquery-3.7.1.min.js]
[script.viserlab.com/visermart/demo/assets/global/js/bootstrap.bundle.min.js]
[script.viserlab.com/visermart/demo/assets/templates/basic/js/jquery.validate.js]
[script.viserlab.com/visermart/demo/assets/templates/basic/js/owl.carousel.min.js]
[script.viserlab.com/visermart/demo/assets/templates/basic/js/owl-carousel.js]
[script.viserlab.com/visermart/demo/assets/templates/basic/js/xzoom/xzoom.min.js]
[script.viserlab.com/visermart/demo/assets/templates/basic/js/xzoom/magnific-popup.js]
[script.viserlab.com/visermart/demo/assets/templates/basic/js/xzoom/setup.js]
[script.viserlab.com/visermart/demo/assets/global/js/select2.min.js]
[script.viserlab.com/visermart/demo/assets/templates/basic/js/main.js]
[script.viserlab.com/visermart/demo/assets/global/css/iziToast.min.css]
[script.viserlab.com/visermart/demo/assets/global/css/iziToast_custom.css]
[script.viserlab.com/visermart/demo/assets/global/js/iziToast.min.js]
[script.viserlab.com/visermart/demo/cart-shortlist.php]
[script.viserlab.com/visermart/demo/compare-products-count.json]
[script.viserlab.com/visermart/demo/wishlist-short.php]
[script.viserlab.com/visermart/demo/index.php]
[script.viserlab.com/visermart/demo/assets/global/css/bootstrap.min.css]
[script.viserlab.com/visermart/demo/assets/global/webfonts/fa-brands-400.woff2]
[script.viserlab.com/visermart/demo/assets/global/webfonts/fa-brands-400.ttf]
[script.viserlab.com/visermart/demo/assets/global/webfonts/fa-regular-400.woff2]
[script.viserlab.com/visermart/demo/assets/global/webfonts/fa-regular-400.ttf]
[script.viserlab.com/visermart/demo/assets/global/webfonts/fa-solid-900.woff2]
[script.viserlab.com/visermart/demo/assets/global/webfonts/fa-solid-900.ttf]
[script.viserlab.com/visermart/demo/assets/global/webfonts/fa-v4compatibility.woff2]
[script.viserlab.com/visermart/demo/assets/global/css/all.min.css]
[script.viserlab.com/visermart/demo/assets/global/webfonts/fa-v4compatibility.ttf]
[script.viserlab.com/visermart/demo/assets/global/fonts/la-brands-400.eot]
[script.viserlab.com/visermart/demo/assets/global/fonts/la-brands-400d41d.eot]
[script.viserlab.com/visermart/demo/assets/global/fonts/la-brands-400.woff2]
[script.viserlab.com/visermart/demo/assets/global/fonts/la-brands-400.woff]
[script.viserlab.com/visermart/demo/assets/global/fonts/la-brands-400.ttf]
[script.viserlab.com/visermart/demo/assets/global/fonts/la-brands-400.svg]
[script.viserlab.com/visermart/demo/assets/global/fonts/la-regular-400.eot]
[script.viserlab.com/visermart/demo/assets/global/fonts/la-regular-400d41d.eot]
[script.viserlab.com/visermart/demo/assets/global/fonts/la-regular-400.woff2]
[script.viserlab.com/visermart/demo/assets/global/fonts/la-regular-400.woff]
[script.viserlab.com/visermart/demo/assets/global/fonts/la-regular-400.ttf]
[script.viserlab.com/visermart/demo/assets/global/fonts/la-regular-400.svg]
[script.viserlab.com/visermart/demo/assets/global/fonts/la-solid-900.eot]
[script.viserlab.com/visermart/demo/assets/global/fonts/la-solid-900d41d.eot]
[script.viserlab.com/visermart/demo/assets/global/fonts/la-solid-900.woff2]
[script.viserlab.com/visermart/demo/assets/global/fonts/la-solid-900.woff]
[script.viserlab.com/visermart/demo/assets/global/fonts/la-solid-900.ttf]
[script.viserlab.com/visermart/demo/assets/global/css/line-awesome.min.css]
[script.viserlab.com/visermart/demo/assets/templates/basic/css/banner.css]
[script.viserlab.com/visermart/demo/assets/global/fonts/la-solid-900.svg]
[script.viserlab.com/visermart/demo/assets/templates/basic/css/owl.video.play.png]
[script.viserlab.com/visermart/demo/assets/templates/basic/css/owl.carousel.min.css]
[script.viserlab.com/visermart/demo/assets/templates/basic/css/product-details.css]
[script.viserlab.com/visermart/demo/assets/templates/basic/css/xzoom/xloading.gif]
[script.viserlab.com/visermart/demo/assets/templates/basic/css/xzoom/xzoom.css]
[script.viserlab.com/visermart/demo/assets/templates/basic/css/xzoom/magnific-popup.css]
[script.viserlab.com/visermart/demo/assets/global/css/select2.min.css]
[script.viserlab.com/visermart/demo/assets/templates/basic/css/main.css]
[script.viserlab.com/visermart/demo/assets/templates/basic/css/color56a1.css]
[script.viserlab.com/visermart/demo/assets/templates/basic/css/service-section.css]
[script.viserlab.com/visermart/demo/assets/templates/basic/css/custom.css]
[script.viserlab.com/visermart/demo/assets/templates/basic/css/order-track.css]
[script.viserlab.com/visermart/demo/track-order.php]
[script.viserlab.com/visermart/demo/assets/images/empty_list.png]
[script.viserlab.com/visermart/demo/compare-products.php]
[script.viserlab.com/visermart/demo/assets/templates/basic/css/products-page.css]
[script.viserlab.com/visermart/demo/product/classic-aviator-sunglasses-for-men.php]
[script.viserlab.com/visermart/demo/product/classic-aviator-sunglasses-with-black-frame-and-dark-lens.php]
[script.viserlab.com/visermart/demo/product/black-square-sunglasses.php]
[script.viserlab.com/visermart/demo/product/ray-ban-aviator-sunglasses.php]
[script.viserlab.com/visermart/demo/product/polarized-sport-sunglasses.php]
[script.viserlab.com/visermart/demo/product/mens-genuine-leather-wallet-with-wrist-strap-rfid-blocking-large-capacity-long-bifold-wallet-with-zipper-for-cash-credit-cards.php]
[script.viserlab.com/visermart/demo/product/mens-genuine-leather-wallet-with-zipper-pocket-brown.php]
[script.viserlab.com/visermart/demo/product/leather-wallet-with-flap-closure.php]
[script.viserlab.com/visermart/demo/product/emporio-armani-mens-leather-wallet.php]
[script.viserlab.com/visermart/demo/product/mens-genuine-leather-wallet.php]
[script.viserlab.com/visermart/demo/product/skulls-mens-genuine-leather-minimalist-bifold-wallet.php]
[script.viserlab.com/visermart/demo/product/red-line-chronograph-watch-mens-fashionable-timepiece.php]
[script.viserlab.com/visermart/demo/product/iwc-schaffhausen-pilots-watch-chronograph-41.php]
[script.viserlab.com/visermart/demo/product/blatec-classic-watch.php]
[script.viserlab.com/visermart/demo/product/mens-fashionable-leather-strap-quartz-wrist-watch.php]
[script.viserlab.com/visermart/demo/product/omega-seamaster-aqua-terra-150m-gold-watch-23110422101001.php]
[script.viserlab.com/visermart/demo/product/kinderberg-mens-automatic-mechanical-chronograph-watch-with-blue-dial-and-stainless-steel-band.php]
[script.viserlab.com/visermart/demo/product/iwc-schaffhausen-automatic-watch.php]
[script.viserlab.com/visermart/demo/product/athletic-fusion-compression-long-sleeve-t-shirt.php]
[script.viserlab.com/visermart/demo/product/mens-track-pants-with-side-zipper.php]
[script.viserlab.com/visermart/demo/product/mens-casual-fashion-jogger-pants-with-zipper-pockets.php]
[script.viserlab.com/visermart/demo/product/mens-casual-sport-jogger-pants-with-side-stripe.php]
[script.viserlab.com/visermart/demo/products/fashion-apparel4a7d.php]
[script.viserlab.com/visermart/demo/products/fashion-apparel5777.php]
[script.viserlab.com/visermart/demo/products/fashion-apparel808f.php]
[script.viserlab.com/visermart/demo/products/fashion-apparel7fd9.php]
[script.viserlab.com/visermart/demo/products/fashion-apparel596d.php]
[script.viserlab.com/visermart/demo/products/fashion-apparel36c3.php]
[script.viserlab.com/visermart/demo/products/fashion-apparelb954.php]
[script.viserlab.com/visermart/demo/products/fashion-apparel65ed.php]
[script.viserlab.com/visermart/demo/products/fashion-apparel8c1e.php]
[script.viserlab.com/visermart/demo/assets/global/js/jquery-ui.min.js]
[script.viserlab.com/visermart/demo/products/url]
[script.viserlab.com/visermart/demo/products/fashion-apparel.php]
[script.viserlab.com/visermart/demo/products/mens-fashion8ad3.php]
[script.viserlab.com/visermart/demo/products/mens-fashionc9c4.php]
[script.viserlab.com/visermart/demo/products/mens-fashion7f77.php]
[script.viserlab.com/visermart/demo/products/mens-fashion79fb.php]
[script.viserlab.com/visermart/demo/products/mens-fashion.php]
[script.viserlab.com/visermart/demo/product/loyalty-american-flag-drip-t-shirt.php]
[script.viserlab.com/visermart/demo/product/firefox-dj-t-shirt.php]
[script.viserlab.com/visermart/demo/product/mens-fair-trade-t-shirt.php]
[script.viserlab.com/visermart/demo/product/mens-solid-color-short-sleeve-polo-shirt.php]
[script.viserlab.com/visermart/demo/product/mens-performance-polo-shirt.php]
[script.viserlab.com/visermart/demo/product/yellow-crew-neck-sweatshirt.php]
[script.viserlab.com/visermart/demo/product/mens-denim-long-sleeve-shirt-casual-button-down-shirt.php]
[script.viserlab.com/visermart/demo/product/mens-long-sleeve-oxford-shirt-casual-solid-color-button-down-dress-shirts.php]
[script.viserlab.com/visermart/demo/product/carhartt-mens-short-sleeve-plaid-shirt.php]
[script.viserlab.com/visermart/demo/product/gladbacker-high-visibility-workwear-trousers.php]
[script.viserlab.com/visermart/demo/product/mens-distressed-denim-jeans.php]
[script.viserlab.com/visermart/demo/product/mens-casual-straight-leg-denim-jeans.php]
[script.viserlab.com/visermart/demo/product/mens-slim-fit-blue-dress-pants.php]
[script.viserlab.com/visermart/demo/product/mens-tactical-cargo-pants-water-resistant-hiking-trekking-outdoor-work-pants.php]
[script.viserlab.com/visermart/demo/product/mens-casual-solid-color-sweatpants.php]
[script.viserlab.com/visermart/demo/product/girls-rhinestone-embellished-skinny-jeans.php]
[script.viserlab.com/visermart/demo/product/mens-blue-denim-jeans.php]
[script.viserlab.com/visermart/demo/product/distressed-denim-jeans.php]
[script.viserlab.com/visermart/demo/product/mens-yellow-puffer-vest.php]
[script.viserlab.com/visermart/demo/product/mens-casual-military-style-jacket-lightweight-windbreaker-jacket-with-multiple-pockets.php]
[script.viserlab.com/visermart/demo/product/mens-yellow-hooded-jacket.php]
[script.viserlab.com/visermart/demo/product/mens-distressed-denim-jacket.php]
[script.viserlab.com/visermart/demo/product/linen-blend-suit-jacket.php]
[script.viserlab.com/visermart/demo/products/clothingf396.php]
[script.viserlab.com/visermart/demo/products/clothingb146.php]
[script.viserlab.com/visermart/demo/products/clothing.php]
[script.viserlab.com/visermart/demo/product/mens-white-and-orange-marble-print-short-sleeve-button-up-shirt.php]
[script.viserlab.com/visermart/demo/product/black-white-small-check-shirt-for-men.php]
[script.viserlab.com/visermart/demo/products/shirts.php]
[script.viserlab.com/visermart/demo/products/pants.php]
[script.viserlab.com/visermart/demo/product/mens-quilted-bomber-jacket.php]
[script.viserlab.com/visermart/demo/product/mens-waterproof-winter-warm-jacket.php]
[script.viserlab.com/visermart/demo/product/mens-black-full-zip-fleece-jacket.php]
[script.viserlab.com/visermart/demo/product/mens-urban-bomber-jacket.php]
[script.viserlab.com/visermart/demo/products/jackets.php]
[script.viserlab.com/visermart/demo/product/unstructured-linen-blazer.php]
[script.viserlab.com/visermart/demo/product/beige-linen-suit.php]
[script.viserlab.com/visermart/demo/product/mens-lavender-slim-fit-suit.php]
[script.viserlab.com/visermart/demo/products/suits.php]
[script.viserlab.com/visermart/demo/product/camouflage-long-sleeve-t-shirt.php]
[script.viserlab.com/visermart/demo/products/activewear.php]
[script.viserlab.com/visermart/demo/product/basic-t-shirt-for-men-plain-short-sleeve-crew-neck-cotton-casual-tees-tops.php]
[script.viserlab.com/visermart/demo/products/t-shirts.php]
[script.viserlab.com/visermart/demo/product/monte-carlo-mens-brown-leather-monk-strap-formal-shoes.php]
[script.viserlab.com/visermart/demo/product/mens-black-leather-slip-on-dress-shoes.php]
[script.viserlab.com/visermart/demo/products/shoes.php]
[script.viserlab.com/visermart/demo/assets/images/empty.png]
[script.viserlab.com/visermart/demo/products/casual-shoes.php]
[script.viserlab.com/visermart/demo/products/formal-shoes.php]
[script.viserlab.com/visermart/demo/products/sports-shoes.php]
[script.viserlab.com/visermart/demo/products/mens-watches.php]
[script.viserlab.com/visermart/demo/products/mens-sunglasses.php]
[script.viserlab.com/visermart/demo/products/wallets.php]
[script.viserlab.com/visermart/demo/product/boys-plaid-vest-set-with-bow-tie.php]
[script.viserlab.com/visermart/demo/product/bvlgari-sunglasses-1.php]
[script.viserlab.com/visermart/demo/product/bvlgari-sunglasses.php]
[script.viserlab.com/visermart/demo/product/womens-cat-eye-sunglasses-with-tortoise-shell-frame-and-gradient-lenses.php]
[script.viserlab.com/visermart/demo/product/fashionable-black-sunglasses-with-rose-gold-accents.php]
[script.viserlab.com/visermart/demo/product/black-cat-eye-sunglasses.php]
[script.viserlab.com/visermart/demo/products/womens-fashion427a.php]
[script.viserlab.com/visermart/demo/products/womens-fashionc826.php]
[script.viserlab.com/visermart/demo/products/womens-fashion5380.php]
[script.viserlab.com/visermart/demo/products/womens-fashion.php]
[script.viserlab.com/visermart/demo/products/womens-clothing.php]
[script.viserlab.com/visermart/demo/products/womens-dresses.php]
[script.viserlab.com/visermart/demo/products/women-tops.php]
[script.viserlab.com/visermart/demo/products/women-skirts.php]
[script.viserlab.com/visermart/demo/products/women-pants.php]
[script.viserlab.com/visermart/demo/products/womens-shoes.php]
[script.viserlab.com/visermart/demo/products/women-heel-shoes.php]
[script.viserlab.com/visermart/demo/products/women-flats-shoes.php]
[script.viserlab.com/visermart/demo/products/women-sports.php]
[script.viserlab.com/visermart/demo/products/womens-bags.php]
[script.viserlab.com/visermart/demo/products/jewelry.php]
[script.viserlab.com/visermart/demo/products/scarves.php]
[script.viserlab.com/visermart/demo/products/womens-sunglasses.php]
[script.viserlab.com/visermart/demo/product/cute-baby-toddler-kids-reindeer-clogs-sandals-summer-beach-slippers-soft-shoes.php]
[script.viserlab.com/visermart/demo/product/kids-cartoon-animal-summer-beach-sandal-slippers-cute-clogs-anti-slip-children-shoes.php]
[script.viserlab.com/visermart/demo/product/kids-summer-beach-sandals-casual-non-slip-toddler-childrens-slippers.php]
[script.viserlab.com/visermart/demo/product/cute-bunny-kids-summer-slides-casual-outdoor-indoor-soft-comfort-sandals.php]
[script.viserlab.com/visermart/demo/product/cute-fish-shaped-cartoon-slippers-for-kids.php]
[script.viserlab.com/visermart/demo/product/baby-boys-blue-sneakers.php]
[script.viserlab.com/visermart/demo/product/miki-house-baby-boys-first-walking-shoes.php]
[script.viserlab.com/visermart/demo/product/baby-toddler-boys-girls-first-walking-shoes-soft-sole-sneakers-casual-canvas-crib-shoes.php]
[script.viserlab.com/visermart/demo/product/baby-soft-sole-sneakers-shoes-for-toddlers-first-walkers.php]
[script.viserlab.com/visermart/demo/product/kids-black-velcro-sneaker-shoes.php]
[script.viserlab.com/visermart/demo/product/white-hook-and-loop-strap-sneaker.php]
[script.viserlab.com/visermart/demo/product/white-school-shoes-for-girls.php]
[script.viserlab.com/visermart/demo/product/school-girl-black-leather-mary-jane-shoes.php]
[script.viserlab.com/visermart/demo/product/girls-black-school-shoes.php]
[script.viserlab.com/visermart/demo/product/baby-girls-summer-dress-hat-set.php]
[script.viserlab.com/visermart/demo/product/baby-girls-white-floral-embroidered-dress.php]
[script.viserlab.com/visermart/demo/product/girls-pink-eyelet-dress-with-ruffles.php]
[script.viserlab.com/visermart/demo/product/floral-print-sleeveless-dress-for-baby-girls.php]
[script.viserlab.com/visermart/demo/product/cherry-print-baby-dress-with-hat-set.php]
[script.viserlab.com/visermart/demo/product/baby-girl-knit-cardigan-sweater-with-bunny-print-grey.php]
[script.viserlab.com/visermart/demo/product/peach-embroidered-kids-girls-ethnic-kurta-palazzo-suit.php]
[script.viserlab.com/visermart/demo/product/baby-girl-clothes-set-summer-outfits-2-piece-romper-with-t-shirt-rainbow-floral-jumpsuit-with-happy-top.php]
[script.viserlab.com/visermart/demo/product/kids-girls-denim-jeans-love-heart-patch-long-trousers.php]
[script.viserlab.com/visermart/demo/products/kids-fashiond91b.php]
[script.viserlab.com/visermart/demo/products/kids-fashion.php]
[script.viserlab.com/visermart/demo/product/baby-girl-cardigan-and-pants-set.php]
[script.viserlab.com/visermart/demo/product/minnie-mouse-girls-pink-joggers.php]
[script.viserlab.com/visermart/demo/product/kids-summer-shorts.php]
[script.viserlab.com/visermart/demo/product/baby-boy-summer-outfit-striped-short-sleeve-shirt-and-khaki-shorts-set.php]
[script.viserlab.com/visermart/demo/product/babyhug-boys-dino-surf-half-sleeve-shirt-with-shorts.php]
[script.viserlab.com/visermart/demo/product/boys-casual-solid-color-summer-shorts.php]
[script.viserlab.com/visermart/demo/product/babyhug-boys-checkered-half-sleeves-formal-shirt-with-bow-tie.php]
[script.viserlab.com/visermart/demo/product/baby-boy-plaid-shirt-and-shorts-set.php]
[script.viserlab.com/visermart/demo/products/kids-clothing.php]
[script.viserlab.com/visermart/demo/product/boys-formal-suit-navy-blue.php]
[script.viserlab.com/visermart/demo/product/baby-boy-formal-suit-3-piece-set.php]
[script.viserlab.com/visermart/demo/products/boys.php]
[script.viserlab.com/visermart/demo/products/girls.php]
[script.viserlab.com/visermart/demo/products/infants.php]
[script.viserlab.com/visermart/demo/products/kids-shoes.php]
[script.viserlab.com/visermart/demo/products/slipper.php]
[script.viserlab.com/visermart/demo/products/kids-school-shoes.php]
[script.viserlab.com/visermart/demo/product/mens-striped-kaftan.php]
[script.viserlab.com/visermart/demo/product/mens-linen-robe-relax-and-rejuvenate-in-comfort.php]
[script.viserlab.com/visermart/demo/product/mens-white-thobe-with-gold-tassel.php]
[script.viserlab.com/visermart/demo/product/mens-striped-long-sleeve-casual-tunic-top.php]
[script.viserlab.com/visermart/demo/product/mens-pink-embroidered-kurta-pajama-with-jacket.php]
[script.viserlab.com/visermart/demo/product/mens-orange-indo-western-sherwani-with-dhoti.php]
[script.viserlab.com/visermart/demo/product/mens-pink-embroidered-waistcoat-with-white-kurta-pajama-set.php]
[script.viserlab.com/visermart/demo/product/mens-navy-blue-velvet-waistcoat.php]
[script.viserlab.com/visermart/demo/product/mens-printed-nehru-jacket.php]
[script.viserlab.com/visermart/demo/products/ethnic-wear.php]
[script.viserlab.com/visermart/demo/products/sarees.php]
[script.viserlab.com/visermart/demo/products/kurtas.php]
[script.viserlab.com/visermart/demo/products/abayas.php]
[script.viserlab.com/visermart/demo/products/kaftans.php]
[script.viserlab.com/visermart/demo/products/mens-waist-court.php]
[script.viserlab.com/visermart/demo/products/jewelry-ornaments.php]
[script.viserlab.com/visermart/demo/product/waterbridge-occasions-english-chocolate-toffee-assortment-600g.php]
[script.viserlab.com/visermart/demo/product/arcor-butter-toffees-600g-1-lb-516-oz.php]
[script.viserlab.com/visermart/demo/product/nestle-kitkat-cocoa-plan-chocolate-bar.php]
[script.viserlab.com/visermart/demo/product/cadbury-caramel-eggs-30-pack.php]
[script.viserlab.com/visermart/demo/product/milka-oreo-chocolate-candy-bar.php]
[script.viserlab.com/visermart/demo/product/nestle-quality-street-chocolate-assortment.php]
[script.viserlab.com/visermart/demo/product/ole-smoky-tennessee-moonshine-cmon-live-a-little-gift-set.php]
[script.viserlab.com/visermart/demo/products/gifts-special-occasions.php]
[script.viserlab.com/visermart/demo/product/my-first-book-of-fancy-letters.php]
[script.viserlab.com/visermart/demo/product/the-design-of-everyday-things-don-norman.php]
[script.viserlab.com/visermart/demo/products/books-stationary.php]
[script.viserlab.com/visermart/demo/product/classic-ballpoint-pens.php]
[script.viserlab.com/visermart/demo/product/casio-dj-120d-12-digit-desktop-calculator.php]
[script.viserlab.com/visermart/demo/product/dual-pencil-sharpener-black.php]
[script.viserlab.com/visermart/demo/product/stabilo-eraser-for-pencil.php]
[script.viserlab.com/visermart/demo/product/standard-paper-clips-bulk-pack.php]
[script.viserlab.com/visermart/demo/product/mini-cartoon-staplers-assorted-colors.php]
[script.viserlab.com/visermart/demo/product/office-depot-lever-arch-file.php]
[script.viserlab.com/visermart/demo/product/stabilo-boss-executive-highlighters-4-color-set.php]
[script.viserlab.com/visermart/demo/product/odeli-auto-lock-utility-knife.php]
[script.viserlab.com/visermart/demo/product/deli-manual-hole-punch.php]
[script.viserlab.com/visermart/demo/product/3-pack-spiral-notebooks-assorted-colors.php]
[script.viserlab.com/visermart/demo/product/rapid-stapler-f6.php]
[script.viserlab.com/visermart/demo/product/black-binder-clip.php]
[script.viserlab.com/visermart/demo/products/stationery-office-supplies.php]
[script.viserlab.com/visermart/demo/product/bosch-spark-plug-silver.php]
[script.viserlab.com/visermart/demo/product/3-piece-car-air-filter-set-for-enhanced-performance-and-clean-air.php]
[script.viserlab.com/visermart/demo/product/high-performance-tires-for-ultimate-grip-and-control.php]
[script.viserlab.com/visermart/demo/product/pennzoil-5w-20-motor-oil.php]
[script.viserlab.com/visermart/demo/product/shell-helix-ultra-professional-5w-30-1l.php]
[script.viserlab.com/visermart/demo/product/shell-helix-hx7-5w-30-synthetic-motor-oil-4l.php]
[script.viserlab.com/visermart/demo/product/focal-f22-wheel-with-red-lip-18x8.php]
[script.viserlab.com/visermart/demo/product/bosch-oil-filter-0-028-406-028-25z-619.php]
[script.viserlab.com/visermart/demo/products/automobile-accessories.php]
[script.viserlab.com/visermart/demo/product/travelax-backpack.php]
[script.viserlab.com/visermart/demo/product/high-sierra-fatboy-backpack.php]
[script.viserlab.com/visermart/demo/product/under-armour-undeniable-duffel.php]
[script.viserlab.com/visermart/demo/product/ogio-terminal-travel-bag.php]
[script.viserlab.com/visermart/demo/product/caribee-scarecrow-dx-70l-wheeled-duffel.php]
[script.viserlab.com/visermart/demo/product/osprey-sojourn-80l-wheeled-duffel.php]
[script.viserlab.com/visermart/demo/product/monos-carry-on-plus-olive.php]
[script.viserlab.com/visermart/demo/product/monos-carry-on-plus-terrazzo-white.php]
[script.viserlab.com/visermart/demo/products/travel-luggage.php]
[script.viserlab.com/visermart/demo/products/backpacks.php]
[script.viserlab.com/visermart/demo/products/luggage.php]
[script.viserlab.com/visermart/demo/product/everlast-protex-16oz-boxing-gloves.php]
[script.viserlab.com/visermart/demo/product/kookaburra-junior-cricket-helmet.php]
[script.viserlab.com/visermart/demo/product/macgregor-mens-complete-golf-set-with-bag.php]
[script.viserlab.com/visermart/demo/product/2-pack-table-tennis-rackets-with-1-ping-pong-ball.php]
[script.viserlab.com/visermart/demo/product/tennis-ball.php]
[script.viserlab.com/visermart/demo/product/baseball-white-leather-baseball.php]
[script.viserlab.com/visermart/demo/product/classic-basketball.php]
[script.viserlab.com/visermart/demo/products/sports-outdoors.php]
[script.viserlab.com/visermart/demo/products/outdoor-gear.php]
[script.viserlab.com/visermart/demo/products/tents.php]
[script.viserlab.com/visermart/demo/products/sleeping-bags.php]
[script.viserlab.com/visermart/demo/products/sports-equipment.php]
[script.viserlab.com/visermart/demo/products/cycling-scooters.php]
[script.viserlab.com/visermart/demo/products/water-sports.php]
[script.viserlab.com/visermart/demo/products/sports-active-wear.php]
[script.viserlab.com/visermart/demo/product/nokia-110-classic-mobile-phone.php]
[script.viserlab.com/visermart/demo/product/canon-eos-5ds-digital-slr-camera.php]
[script.viserlab.com/visermart/demo/product/sony-xdcam-4k-camcorder-pxw-xdc41.php]
[script.viserlab.com/visermart/demo/product/3-port-car-charger-10a-for-iphone-20a-for-android-21a-for-ipad.php]
[script.viserlab.com/visermart/demo/product/ipad-air.php]
[script.viserlab.com/visermart/demo/product/ipad-air-m2-2024-11-inch.php]
[script.viserlab.com/visermart/demo/product/acer-nitro-16-gaming-laptop.php]
[script.viserlab.com/visermart/demo/products/gadgets-electronics.php]
[script.viserlab.com/visermart/demo/products/smartphones-and-accessories.php]
[script.viserlab.com/visermart/demo/products/smartphones.php]
[script.viserlab.com/visermart/demo/products/phone-cases.php]
[script.viserlab.com/visermart/demo/products/chargers.php]
[script.viserlab.com/visermart/demo/products/wearable-tech.php]
[script.viserlab.com/visermart/demo/products/fitness-band.php]
[script.viserlab.com/visermart/demo/products/smartwatch.php]
[script.viserlab.com/visermart/demo/products/audio.php]
[script.viserlab.com/visermart/demo/products/headphones.php]
[script.viserlab.com/visermart/demo/products/earbuds.php]
[script.viserlab.com/visermart/demo/products/speakers.php]
[script.viserlab.com/visermart/demo/products/computing-accessories.php]
[script.viserlab.com/visermart/demo/products/laptops.php]
[script.viserlab.com/visermart/demo/products/keyboards.php]
[script.viserlab.com/visermart/demo/products/mouse.php]
[script.viserlab.com/visermart/demo/products/home-entertainment.php]
[script.viserlab.com/visermart/demo/products/tvs.php]
[script.viserlab.com/visermart/demo/products/streaming-devices.php]
[script.viserlab.com/visermart/demo/products/tablets.php]
[script.viserlab.com/visermart/demo/products/cameras-photography.php]
[script.viserlab.com/visermart/demo/products/dslrs.php]
[script.viserlab.com/visermart/demo/products/action-cameras.php]
[script.viserlab.com/visermart/demo/products/camera-accessories.php]
[script.viserlab.com/visermart/demo/products/feature-phones.php]
[script.viserlab.com/visermart/demo/product/yoga-mat.php]
[script.viserlab.com/visermart/demo/product/nxg-125kg-rubber-dumbbell.php]
[script.viserlab.com/visermart/demo/product/time-release-complete-multivitamin-180-tablets.php]
[script.viserlab.com/visermart/demo/product/whats-up-x-gut-health-prebiotics-and-probiotics-gummies.php]
[script.viserlab.com/visermart/demo/product/leap-advance-salt-capsule-electrolyte-caffeine-recharge.php]
[script.viserlab.com/visermart/demo/product/sour-watermelon-cbd-gummies.php]
[script.viserlab.com/visermart/demo/product/hair-skin-nails-maximum-potency-hair-skin-nails-complex.php]
[script.viserlab.com/visermart/demo/product/super-gummy-iron-vitamins-smashing-strawberry-30-chewable-supplements.php]
[script.viserlab.com/visermart/demo/product/fab-active-period-care-30-tablets.php]
[script.viserlab.com/visermart/demo/products/health-wellness.php]
[script.viserlab.com/visermart/demo/product/shs-45-lb-olympic-weightlifting-bar.php]
[script.viserlab.com/visermart/demo/product/reebok-zet-10-treadmill.php]
[script.viserlab.com/visermart/demo/products/fitness-exercise.php]
[script.viserlab.com/visermart/demo/products/yoga-mats.php]
[script.viserlab.com/visermart/demo/products/dumbbells.php]
[script.viserlab.com/visermart/demo/products/resistance-bands.php]
[script.viserlab.com/visermart/demo/products/fitness-trackers.php]
[script.viserlab.com/visermart/demo/products/smartwatches.php]
[script.viserlab.com/visermart/demo/products/vitamins-and-supplements.php]
[script.viserlab.com/visermart/demo/products/protein-powders.php]
[script.viserlab.com/visermart/demo/products/multivitamins.php]
[script.viserlab.com/visermart/demo/products/herbal-supplements.php]
[script.viserlab.com/visermart/demo/products/personal-care-devices.php]
[script.viserlab.com/visermart/demo/products/massagers.php]
[script.viserlab.com/visermart/demo/products/hair-removal-tools.php]
[script.viserlab.com/visermart/demo/products/thermometers.php]
[script.viserlab.com/visermart/demo/products/meditation-relaxation.php]
[script.viserlab.com/visermart/demo/products/essential-oils.php]
[script.viserlab.com/visermart/demo/products/stress-relief-products.php]
[script.viserlab.com/visermart/demo/products/scented-candles.php]
[script.viserlab.com/visermart/demo/product/snake-plant-in-white-pot.php]
[script.viserlab.com/visermart/demo/product/elegant-european-style-bed.php]
[script.viserlab.com/visermart/demo/product/mid-century-modern-dining-table-and-chairs-set.php]
[script.viserlab.com/visermart/demo/product/modern-round-side-table-with-2-shelves-and-wooden-legs.php]
[script.viserlab.com/visermart/demo/product/armchair-with-wooden-legs.php]
[script.viserlab.com/visermart/demo/product/traditional-brown-sofa-with-ornate-wood-accents.php]
[script.viserlab.com/visermart/demo/products/home-living.php]
[script.viserlab.com/visermart/demo/products/furniture.php]
[script.viserlab.com/visermart/demo/products/living-room-furniture.php]
[script.viserlab.com/visermart/demo/products/living-room-sofas.php]
[script.viserlab.com/visermart/demo/products/coffee-tables.php]
[script.viserlab.com/visermart/demo/products/bedroom-furniture.php]
[script.viserlab.com/visermart/demo/products/beds.php]
[script.viserlab.com/visermart/demo/products/wardrobes.php]
[script.viserlab.com/visermart/demo/products/office-furniture.php]
[script.viserlab.com/visermart/demo/products/desks.php]
[script.viserlab.com/visermart/demo/products/chairs.php]
[script.viserlab.com/visermart/demo/products/home-decor.php]
[script.viserlab.com/visermart/demo/products/wall-art.php]
[script.viserlab.com/visermart/demo/products/lighting.php]
[script.viserlab.com/visermart/demo/products/rugs-and-carpets.php]
[script.viserlab.com/visermart/demo/products/curtains.php]
[script.viserlab.com/visermart/demo/products/bedding-linens.php]
[script.viserlab.com/visermart/demo/products/bedsheets.php]
[script.viserlab.com/visermart/demo/products/duvets.php]
[script.viserlab.com/visermart/demo/products/pillow-covers.php]
[script.viserlab.com/visermart/demo/products/towels.php]
[script.viserlab.com/visermart/demo/products/kitchenware-dining.php]
[script.viserlab.com/visermart/demo/products/cookware.php]
[script.viserlab.com/visermart/demo/products/dinnerware.php]
[script.viserlab.com/visermart/demo/products/glassware.php]
[script.viserlab.com/visermart/demo/products/storage-and-organization.php]
[script.viserlab.com/visermart/demo/products/baskets.php]
[script.viserlab.com/visermart/demo/products/shelves.php]
[script.viserlab.com/visermart/demo/product/mid-century-modern-round-dining-table.php]
[script.viserlab.com/visermart/demo/products/cabinets.php]
[script.viserlab.com/visermart/demo/products/home-appliances.php]
[script.viserlab.com/visermart/demo/products/kitchen-appliances.php]
[script.viserlab.com/visermart/demo/products/microwaves.php]
[script.viserlab.com/visermart/demo/products/cleaning-appliances.php]
[script.viserlab.com/visermart/demo/product/vaseline-pure-petroleum-jelly-original.php]
[script.viserlab.com/visermart/demo/product/vaseline-healthy-white-insta-fair-lotion-190-ml.php]
[script.viserlab.com/visermart/demo/product/nivea-creme-soft-milk-liquid-soap-250-ml.php]
[script.viserlab.com/visermart/demo/product/nivea-creme-68-oz.php]
[script.viserlab.com/visermart/demo/product/nivea-soft-2-pack.php]
[script.viserlab.com/visermart/demo/product/neutrogena-deep-clean-cream-cleanser.php]
[script.viserlab.com/visermart/demo/product/cerave-acne-foaming-cream-cleanser-5-fl-oz-150-ml.php]
[script.viserlab.com/visermart/demo/product/ponds-cold-cream-cleanser.php]
[script.viserlab.com/visermart/demo/product/sp-skincare.php]
[script.viserlab.com/visermart/demo/product/revuele-probio-probiotic-cream-cleanser.php]
[script.viserlab.com/visermart/demo/product/cetaphil-acne-gentle-clear-clarifying-acne-cream-cleanser.php]
[script.viserlab.com/visermart/demo/product/softymo-white-cleansing-cream.php]
[script.viserlab.com/visermart/demo/product/nivea-men-sport-shampoo-250ml.php]
[script.viserlab.com/visermart/demo/product/dove-pro-age-shampoo-with-micro-moisture-serum.php]
[script.viserlab.com/visermart/demo/product/nivea-men-strong-power-shampoo-normal-hair-250ml.php]
[script.viserlab.com/visermart/demo/product/colgate-and-hello-toothbrushes.php]
[script.viserlab.com/visermart/demo/product/colgate-plus.php]
[script.viserlab.com/visermart/demo/products/beauty-personal-care.php]
[script.viserlab.com/visermart/demo/products/skincare.php]
[script.viserlab.com/visermart/demo/product/dove-go-fresh-beauty-bar-revitalizing-90g.php]
[script.viserlab.com/visermart/demo/product/cetaphil-intensive-moisturizing-cream-with-meadowfoam-oil.php]
[script.viserlab.com/visermart/demo/products/moisturizers.php]
[script.viserlab.com/visermart/demo/product/cerave-daily-moisturizing-lotion.php]
[script.viserlab.com/visermart/demo/product/outback-luxury-nourish-face-serum.php]
[script.viserlab.com/visermart/demo/product/diamond-elite-vitamin-c-serum.php]
[script.viserlab.com/visermart/demo/product/mad-hippie-vitamin-c-serum.php]
[script.viserlab.com/visermart/demo/product/by-wishtrend-pure-vitamin-c-215-advanced-serum.php]
[script.viserlab.com/visermart/demo/product/the-ordinary-coverage-foundation-12y-light.php]
[script.viserlab.com/visermart/demo/product/collagene-3d-oleo-serum-face-serum.php]
[script.viserlab.com/visermart/demo/products/serums.php]
[script.viserlab.com/visermart/demo/product/instanatural-vitamin-c-serum.php]
[script.viserlab.com/visermart/demo/product/lotus-herbals-safe-sun-sunscreen-cream-spf-30-100-g.php]
[script.viserlab.com/visermart/demo/product/intensive-uv-sunblock-cream.php]
[script.viserlab.com/visermart/demo/product/ponds-sun-miracle-creme-gel-sunscreen-spf-35-pa.php]
[script.viserlab.com/visermart/demo/product/ponds-serum-boost-sunscreen-invisible-gel-with-niacinamide-c-spf-50-pa-non-oily-no-white-cast.php]
[script.viserlab.com/visermart/demo/product/cgg-sun-screen-cream-spf-45.php]
[script.viserlab.com/visermart/demo/products/sunscreen.php]
[script.viserlab.com/visermart/demo/products/cleansers.php]
[script.viserlab.com/visermart/demo/product/planeta-organica.php]
[script.viserlab.com/visermart/demo/product/head-shoulders-classic-clean-anti-dandruff-shampoo.php]
[script.viserlab.com/visermart/demo/product/loral-paris-elvive-extraordinary-nourishing-shampoo-conditioner-set.php]
[script.viserlab.com/visermart/demo/product/avne-very-high-protection-sunscreen-spf-50-cream-for-dry-sensitive-skin-50-ml.php]
[script.viserlab.com/visermart/demo/product/pantene-pro-v-shampoo-locken-pur.php]
[script.viserlab.com/visermart/demo/product/palmolive-naturals-healthy-smooth-shampoo-conditioner-normal-hair.php]
[script.viserlab.com/visermart/demo/product/rosemary-mint-scalp-hair-strengthening-oil.php]
[script.viserlab.com/visermart/demo/product/krastase-elixir-ultime-le-bain-shampoo.php]
[script.viserlab.com/visermart/demo/product/maskin-relaxin-moisturizing-scalp-mask.php]
[script.viserlab.com/visermart/demo/product/loreal-paris-elvive-extraordinary-oil-in-cream-51-fl-oz.php]
[script.viserlab.com/visermart/demo/product/wow-skin-science-virgin-coconut-avocado-oil-conditioner.php]
[script.viserlab.com/visermart/demo/products/haircare.php]
[script.viserlab.com/visermart/demo/products/shampoos.php]
[script.viserlab.com/visermart/demo/products/conditioners.php]
[script.viserlab.com/visermart/demo/products/hair-treatments.php]
[script.viserlab.com/visermart/demo/product/pantene-pro-v-hair-shampoo-deep-moisturizing-formula-for-dry-damaged-hair.php]
[script.viserlab.com/visermart/demo/product/super-matte-lipstick.php]
[script.viserlab.com/visermart/demo/product/charlotte-tilbury-matte-revolution-lipstick-red-carpet-red.php]
[script.viserlab.com/visermart/demo/product/nars-audacious-lipstick-cruella-1.php]
[script.viserlab.com/visermart/demo/product/nars-audacious-lipstick-cruella.php]
[script.viserlab.com/visermart/demo/product/watier-lipstick-302-golden-sand.php]
[script.viserlab.com/visermart/demo/product/mamaearth-moisture-matte-longstay-lipstick-red.php]
[script.viserlab.com/visermart/demo/product/forest-essentials-de-tan-facial-serum.php]
[script.viserlab.com/visermart/demo/product/sapeho-lash-extension-mascara.php]
[script.viserlab.com/visermart/demo/product/silkworm-eye-pen.php]
[script.viserlab.com/visermart/demo/product/pacifica-surf-lash-mascara.php]
[script.viserlab.com/visermart/demo/product/got2b-glued-brow-edge-gel-2-in-1-for-long-lasting-looks-vegan-formula.php]
[script.viserlab.com/visermart/demo/product/huda-beauty-textured-eyeshadow-palette-rose-gold.php]
[script.viserlab.com/visermart/demo/product/inglot-liquid-eyeliner-a-precision-liquid-eyeliner-for-a-smooth-defined-look.php]
[script.viserlab.com/visermart/demo/product/eyeshadow-palette-with-brush-neutral-tones.php]
[script.viserlab.com/visermart/demo/product/lr-deluxe-blush.php]
[script.viserlab.com/visermart/demo/product/dior-rosy-glow-blush-1.php]
[script.viserlab.com/visermart/demo/product/sla-paris-blush-02.php]
[script.viserlab.com/visermart/demo/product/provide-me-product-title-and-rich-description-which-can-i-show-in-my-product-details-page.php]
[script.viserlab.com/visermart/demo/product/rms-beauty-living-luminizer.php]
[script.viserlab.com/visermart/demo/product/dior-rosy-glow-blush.php]
[script.viserlab.com/visermart/demo/products/makeup.php]
[script.viserlab.com/visermart/demo/products/lipsticks.php]
[script.viserlab.com/visermart/demo/products/eye-makeup.php]
[script.viserlab.com/visermart/demo/products/blushes.php]
[script.viserlab.com/visermart/demo/product/mac-powder-blush-peaches.php]
[script.viserlab.com/visermart/demo/product/hugo-boss-bottled-intense-eau-de-parfum-spray.php]
[script.viserlab.com/visermart/demo/product/lancme-miracle-eau-de-parfum-spray-for-women.php]
[script.viserlab.com/visermart/demo/product/marc-jacobs-daisy-eau-de-parfum-spray.php]
[script.viserlab.com/visermart/demo/product/gucci-by-gucci-eau-de-parfum-for-women.php]
[script.viserlab.com/visermart/demo/product/guerlain-shalimar-ode-la-vanille-eau-de-parfum-spray-for-women.php]
[script.viserlab.com/visermart/demo/product/giorgio-armani-acqua-di-gio-profumo-for-men.php]
[script.viserlab.com/visermart/demo/product/urtekram-roll-on-deo-crystal-rose.php]
[script.viserlab.com/visermart/demo/product/anti-perspirant-deodorant.php]
[script.viserlab.com/visermart/demo/product/rexona-motionsense-antibacterial-deodorant-48-hour-protection.php]
[script.viserlab.com/visermart/demo/product/enchanteur-charming-radiant-white-anti-perspirant-roll-on.php]
[script.viserlab.com/visermart/demo/product/dreamy-love-me-or-leave-me-fragrance-mist.php]
[script.viserlab.com/visermart/demo/product/la-rive-bright-glow-body-mist.php]
[script.viserlab.com/visermart/demo/product/candy-love-body-mist-summer-edition.php]
[script.viserlab.com/visermart/demo/products/fragrances.php]
[script.viserlab.com/visermart/demo/products/perfumes.php]
[script.viserlab.com/visermart/demo/products/deodorants.php]
[script.viserlab.com/visermart/demo/products/body-mists.php]
[script.viserlab.com/visermart/demo/product/revuele-body-mist-pure-flower.php]
[script.viserlab.com/visermart/demo/product/summers-eve-blissful-escape-daily-refreshing-wash.php]
[script.viserlab.com/visermart/demo/product/libresse-ultra-thin-long-wings-sanitary-pads.php]
[script.viserlab.com/visermart/demo/product/ph-care-intimate-wash-passionate-bloom-50ml.php]
[script.viserlab.com/visermart/demo/product/maxi-overnight-pads-with-flexi-wings.php]
[script.viserlab.com/visermart/demo/product/ultra-thin-long-super-pads-with-leakguard-protection.php]
[script.viserlab.com/visermart/demo/product/dettol-liquid-hand-wash.php]
[script.viserlab.com/visermart/demo/product/lux-soft-creamy-with-shea-moisturisers-beauty-moments-bar-soap-1.php]
[script.viserlab.com/visermart/demo/products/personal-hygiene.php]
[script.viserlab.com/visermart/demo/products/bath-and-body.php]
[script.viserlab.com/visermart/demo/products/feminine-care.php]
[script.viserlab.com/visermart/demo/product/lux-soft-creamy-with-shea-moisturisers-beauty-moments-bar-soap.php]
[script.viserlab.com/visermart/demo/product/oral-health-pro-mineralizer-toothpaste-1.php]
[script.viserlab.com/visermart/demo/products/oral-care.php]
[script.viserlab.com/visermart/demo/product/oral-health-pro-mineralizer-toothpaste.php]
[script.viserlab.com/visermart/demo/product/nivea-men-protecting-shaving-cream.php]
[script.viserlab.com/visermart/demo/product/uncle-jimmy-mens-hair-beard-body-wash.php]
[script.viserlab.com/visermart/demo/product/uncle-jimmy-beard-growth-oil.php]
[script.viserlab.com/visermart/demo/product/mens-beard-oil-30ml.php]
[script.viserlab.com/visermart/demo/product/nak-beard-elixir.php]
[script.viserlab.com/visermart/demo/product/mg8-beard-cream.php]
[script.viserlab.com/visermart/demo/product/beard-guyz-beard-volumizing-cream-sandalwood.php]
[script.viserlab.com/visermart/demo/product/vinc-real-beard-leave-in-cream.php]
[script.viserlab.com/visermart/demo/products/mens-grooming.php]
[script.viserlab.com/visermart/demo/product/vojo-growth-beard-oil-repair-and-activation-for-faster-growth.php]
[script.viserlab.com/visermart/demo/product/barbasol-original-thick-rich-shaving-cream-10-oz.php]
[script.viserlab.com/visermart/demo/product/kool-shaving-cream.php]
[script.viserlab.com/visermart/demo/products/shaving.php]
[script.viserlab.com/visermart/demo/products/beard-care.php]
[script.viserlab.com/visermart/demo/product/softsheen-carson-magic-razorless-cream-shave-mild-60-oz.php]
[script.viserlab.com/visermart/demo/product/cantu-shea-butter-coconut-curling-cream.php]
[script.viserlab.com/visermart/demo/product/vatika-nourish-protect-styling-hair-cream-olive-henna-almond.php]
[script.viserlab.com/visermart/demo/product/dippity-do-men-styling-cream.php]
[script.viserlab.com/visermart/demo/product/mancode-daily-hair-styling-cream-argan-oil.php]
[script.viserlab.com/visermart/demo/product/gatsby-treatment-hair-cream-anti-dandruff.php]
[script.viserlab.com/visermart/demo/product/prettys-hair-styling-cream-for-men.php]
[script.viserlab.com/visermart/demo/products/hair-styling.php]
[script.viserlab.com/visermart/demo/product/brylcreem-original-styling-cream-150ml.php]
[script.viserlab.com/visermart/demo/product/cosatto-tummy-time-roller-forest-friends.php]
[script.viserlab.com/visermart/demo/product/johnsons-baby-essentials-gift-set.php]
[script.viserlab.com/visermart/demo/product/ty-beanie-boo-hello-kitty.php]
[script.viserlab.com/visermart/demo/product/ino-farm-tractor-pull-along-toy.php]
[script.viserlab.com/visermart/demo/product/sport-tricycle-for-toddlers.php]
[script.viserlab.com/visermart/demo/products/toys-baby-products.php]
[script.viserlab.com/visermart/demo/product/foldable-baby-walker-with-adjustable-height.php]
[script.viserlab.com/visermart/demo/products4658.php]
[script.viserlab.com/visermart/demo/products9ba9.php]
[script.viserlab.com/visermart/demo/productsfdb0.php]
[script.viserlab.com/visermart/demo/productsaf4d.php]
[script.viserlab.com/visermart/demo/productsc575.php]
[script.viserlab.com/visermart/demo/products235c.php]
[script.viserlab.com/visermart/demo/productsfdfa.php]
[script.viserlab.com/visermart/demo/products0b08.php]
[script.viserlab.com/visermart/demo/products1448.php]
[script.viserlab.com/visermart/demo/products5c43.php]
[script.viserlab.com/visermart/demo/products9683.php]
[script.viserlab.com/visermart/demo/url]
[script.viserlab.com/visermart/demo/products.php]
[script.viserlab.com/visermart/demo/assets/templates/basic/css/about-us-page.css]
[script.viserlab.com/visermart/demo/assets/images/frontend/about_us/6723853527b291730381109.png]
[script.viserlab.com/visermart/demo/assets/images/frontend/quote/6723b205530861730392581.png]
[script.viserlab.com/visermart/demo/about-us.php]
[script.viserlab.com/visermart/demo/assets/templates/basic/css/categories-page.css]
[script.viserlab.com/visermart/demo/assets/images/category/icons/6721e05aa0b1f1730273370.png]
[script.viserlab.com/visermart/demo/assets/images/category/icons/6721dffcee6ad1730273276.png]
[script.viserlab.com/visermart/demo/assets/images/category/icons/6721e012cf72e1730273298.png]
[script.viserlab.com/visermart/demo/assets/images/category/icons/6721e022dffba1730273314.png]
[script.viserlab.com/visermart/demo/assets/images/category/icons/6721e03cd1b361730273340.png]
[script.viserlab.com/visermart/demo/assets/images/category/icons/6721e0490b4671730273353.png]
[script.viserlab.com/visermart/demo/assets/images/category/icons/6742f6c88444d1732441800.png]
[script.viserlab.com/visermart/demo/assets/images/category/icons/6742f6d13f5c11732441809.png]
[script.viserlab.com/visermart/demo/assets/images/category/icons/6742f65bd6bce1732441691.png]
[script.viserlab.com/visermart/demo/assets/images/category/icons/6742f6bf5a93f1732441791.png]
[script.viserlab.com/visermart/demo/assets/images/category/icons/6721df96ee7701730273174.png]
[script.viserlab.com/visermart/demo/assets/images/category/icons/6721dfa5a8e141730273189.png]
[script.viserlab.com/visermart/demo/assets/images/category/icons/6721dfb34497e1730273203.png]
[script.viserlab.com/visermart/demo/assets/images/category/icons/6721dfc06de5b1730273216.png]
[script.viserlab.com/visermart/demo/assets/images/category/icons/6721dfd46dd7b1730273236.png]
[script.viserlab.com/visermart/demo/assets/images/category/icons/6721dfe2285331730273250.png]
[script.viserlab.com/visermart/demo/assets/images/category/icons/67433640c63c41732458048.png]
[script.viserlab.com/visermart/demo/assets/images/category/icons/674338a043d871732458656.png]
[script.viserlab.com/visermart/demo/assets/images/category/icons/6721dec6cedd81730272966.png]
[script.viserlab.com/visermart/demo/assets/images/category/icons/6721ded5c84d81730272981.png]
[script.viserlab.com/visermart/demo/assets/images/category/icons/6721dee7cd8eb1730272999.png]
[script.viserlab.com/visermart/demo/assets/images/category/icons/6721defa441331730273018.png]
[script.viserlab.com/visermart/demo/assets/images/category/icons/6721de547270d1730272852.png]
[script.viserlab.com/visermart/demo/assets/images/category/icons/6721de7a467bb1730272890.png]
[script.viserlab.com/visermart/demo/assets/images/category/icons/6721de679b83d1730272871.png]
[script.viserlab.com/visermart/demo/assets/images/category/icons/6721de922fbc71730272914.png]
[script.viserlab.com/visermart/demo/assets/images/category/icons/6721deb5179a71730272949.png]
[script.viserlab.com/visermart/demo/assets/images/category/icons/6721dea141c901730272929.png]
[script.viserlab.com/visermart/demo/assets/images/category/icons/6721df1e8b3211730273054.png]
[script.viserlab.com/visermart/demo/assets/images/category/icons/6721df2e5cd571730273070.png]
[script.viserlab.com/visermart/demo/assets/images/category/icons/6721df45824431730273093.png]
[script.viserlab.com/visermart/demo/assets/images/category/icons/6721df4fa154d1730273103.png]
[script.viserlab.com/visermart/demo/assets/images/category/icons/6721df67391eb1730273127.png]
[script.viserlab.com/visermart/demo/assets/images/category/icons/6742f6fdf03d81732441853.png]
[script.viserlab.com/visermart/demo/assets/images/category/icons/6742f70489a1e1732441860.png]
[script.viserlab.com/visermart/demo/categories.php]
[script.viserlab.com/visermart/demo/contact.php]
[script.viserlab.com/visermart/demo/assets/images/svg/category.svg]
[script.viserlab.com/visermart/demo/assets/images/svg/wishlist.svg]
[script.viserlab.com/visermart/demo/assets/images/svg/compare.svg]
[script.viserlab.com/visermart/demo/assets/images/svg/my_account.svg]
[script.viserlab.com/visermart/demo/assets/images/product/6721f9fbdb1841730279931.png]
[script.viserlab.com/visermart/demo/assets/images/product/thumb_6721f9fbdb1841730279931.png]
[script.viserlab.com/visermart/demo/product/classic-soccer-ball.php]
[script.viserlab.com/visermart/demo/assets/templates/basic/js/product_details5529.js]
[script.viserlab.com/visermart/demo/assets/images/product/6721f9f72d5191730279927.png]
[script.viserlab.com/visermart/demo/assets/images/product/thumb_6721f9f72d5191730279927.png]
[script.viserlab.com/visermart/demo/product/yonex-astrox-63-badminton-racket.php]
[script.viserlab.com/visermart/demo/assets/templates/basic/js/product_detailse991.js]
[script.viserlab.com/visermart/demo/assets/images/product/6721fc8d5587b1730280589.png]
[script.viserlab.com/visermart/demo/assets/images/product/6721fc85d9daa1730280581.png]
[script.viserlab.com/visermart/demo/assets/images/product/thumb_6721fc8d5587b1730280589.png]
[script.viserlab.com/visermart/demo/assets/images/product/thumb_6721fc85d9daa1730280581.png]
[script.viserlab.com/visermart/demo/product/lowepro-pro-roller-x-450-aw.php]
[script.viserlab.com/visermart/demo/assets/templates/basic/js/product_details7749.js]
[script.viserlab.com/visermart/demo/assets/images/product/673b0244f00f21731920452.png]
[script.viserlab.com/visermart/demo/assets/images/product/673b029d8ab9a1731920541.png]
[script.viserlab.com/visermart/demo/assets/images/product/673b02b248a861731920562.png]
[script.viserlab.com/visermart/demo/assets/images/product/673b02d6308151731920598.png]
[script.viserlab.com/visermart/demo/assets/images/product/673b02dd0d7aa1731920605.png]
[script.viserlab.com/visermart/demo/assets/images/product/thumb_673b0244f00f21731920452.png]
[script.viserlab.com/visermart/demo/assets/images/product/thumb_673b029d8ab9a1731920541.png]
[script.viserlab.com/visermart/demo/assets/images/product/thumb_673b02b248a861731920562.png]
[script.viserlab.com/visermart/demo/assets/images/product/thumb_673b02d6308151731920598.png]
[script.viserlab.com/visermart/demo/assets/images/product/thumb_673b02dd0d7aa1731920605.png]
[script.viserlab.com/visermart/demo/product/black-abaya-with-brown-trim.php]
[script.viserlab.com/visermart/demo/assets/templates/basic/js/product_details1c14.js]
[script.viserlab.com/visermart/demo/assets/images/product/673b3860d67c61731934304.png]
[script.viserlab.com/visermart/demo/assets/images/product/673b3860ae3ce1731934304.png]
[script.viserlab.com/visermart/demo/assets/images/product/673b3860c07c11731934304.png]
[script.viserlab.com/visermart/demo/assets/images/product/673b3860e56981731934304.png]
[script.viserlab.com/visermart/demo/assets/images/product/673b386601b4d1731934310.png]
[script.viserlab.com/visermart/demo/assets/images/product/thumb_673b3860d67c61731934304.png]
[script.viserlab.com/visermart/demo/assets/images/product/thumb_673b3860ae3ce1731934304.png]
[script.viserlab.com/visermart/demo/assets/images/product/thumb_673b3860c07c11731934304.png]
[script.viserlab.com/visermart/demo/assets/images/product/thumb_673b3860e56981731934304.png]
[script.viserlab.com/visermart/demo/assets/images/product/thumb_673b386601b4d1731934310.png]
[script.viserlab.com/visermart/demo/product/pink-cotton-kurti-with-white-prints.php]
[script.viserlab.com/visermart/demo/assets/templates/basic/js/product_detailsf6db.js]
[script.viserlab.com/visermart/demo/assets/images/product/673b3f67a96ce1731936103.png]
[script.viserlab.com/visermart/demo/assets/images/product/thumb_673b3f67a96ce1731936103.png]
[script.viserlab.com/visermart/demo/product/blue-printed-georgette-saree-with-tassels.php]
[script.viserlab.com/visermart/demo/assets/templates/basic/js/product_detailsd7dd.js]
[script.viserlab.com/visermart/demo/assets/images/product/673dc2280b4a51732100648.png]
[script.viserlab.com/visermart/demo/assets/images/product/673dc227b29ae1732100647.png]
[script.viserlab.com/visermart/demo/assets/images/product/673dc227d5f8e1732100647.png]
[script.viserlab.com/visermart/demo/assets/images/product/673dc228242b21732100648.png]
[script.viserlab.com/visermart/demo/assets/images/product/673dc22842f711732100648.png]
[script.viserlab.com/visermart/demo/assets/images/product/673dc228653ae1732100648.png]
[script.viserlab.com/visermart/demo/assets/images/product/thumb_673dc2280b4a51732100648.png]
[script.viserlab.com/visermart/demo/assets/images/product/thumb_673dc227b29ae1732100647.png]
[script.viserlab.com/visermart/demo/assets/images/product/thumb_673dc227d5f8e1732100647.png]
[script.viserlab.com/visermart/demo/assets/images/product/thumb_673dc228242b21732100648.png]
[script.viserlab.com/visermart/demo/assets/images/product/thumb_673dc22842f711732100648.png]
[script.viserlab.com/visermart/demo/assets/images/product/thumb_673dc228653ae1732100648.png]
[script.viserlab.com/visermart/demo/product/mens-maroon-puffer-jacket.php]
[script.viserlab.com/visermart/demo/assets/images/product/673dd55ec6e701732105566.jpg]
[script.viserlab.com/visermart/demo/assets/images/product/thumb_673dd55ec6e701732105566.jpg]
[script.viserlab.com/visermart/demo/product/colmi-p71-bluetooth-calling-smart-watch.php]
[script.viserlab.com/visermart/demo/assets/templates/basic/js/product_details4fbb.js]
[script.viserlab.com/visermart/demo/assets/images/product/673de37d6ffbf1732109181.png]
[script.viserlab.com/visermart/demo/assets/images/product/673de37d4584c1732109181.png]
[script.viserlab.com/visermart/demo/assets/images/product/673de37d5b0421732109181.png]
[script.viserlab.com/visermart/demo/assets/images/product/673de37d8d4411732109181.png]
[script.viserlab.com/visermart/demo/assets/images/product/thumb_673de37d6ffbf1732109181.png]
[script.viserlab.com/visermart/demo/assets/images/product/thumb_673de37d4584c1732109181.png]
[script.viserlab.com/visermart/demo/assets/images/product/thumb_673de37d5b0421732109181.png]
[script.viserlab.com/visermart/demo/assets/images/product/thumb_673de37d8d4411732109181.png]
[script.viserlab.com/visermart/demo/product/mens-brown-leather-slip-on-shoes.php]
[script.viserlab.com/visermart/demo/assets/templates/basic/js/product_details07c1.js]
[script.viserlab.com/visermart/demo/assets/images/product/6742cc61e7e5a1732430945.png]
[script.viserlab.com/visermart/demo/assets/images/product/6742cc87056cf1732430983.png]
[script.viserlab.com/visermart/demo/assets/images/product/6742cc86c76b11732430982.png]
[script.viserlab.com/visermart/demo/assets/images/product/6742cc871e2b11732430983.png]
[script.viserlab.com/visermart/demo/assets/images/product/thumb_6742cc61e7e5a1732430945.png]
[script.viserlab.com/visermart/demo/assets/images/product/thumb_6742cc87056cf1732430983.png]
[script.viserlab.com/visermart/demo/assets/images/product/thumb_6742cc86c76b11732430982.png]
[script.viserlab.com/visermart/demo/assets/images/product/thumb_6742cc871e2b11732430983.png]
[script.viserlab.com/visermart/demo/product/google-pixel-9.php]
[script.viserlab.com/visermart/demo/assets/templates/basic/js/product_details9bd5.js]
[script.viserlab.com/visermart/demo/assets/images/product/6742f2da56ae31732440794.png]
[script.viserlab.com/visermart/demo/assets/images/product/6742f2da6d0241732440794.png]
[script.viserlab.com/visermart/demo/assets/images/product/6742f2da84b161732440794.png]
[script.viserlab.com/visermart/demo/assets/images/product/6742f2da989121732440794.png]
[script.viserlab.com/visermart/demo/assets/images/product/6742f2dab10671732440794.png]
[script.viserlab.com/visermart/demo/assets/images/product/6742f2daca80d1732440794.png]
[script.viserlab.com/visermart/demo/assets/images/product/6742f2f2dc16d1732440818.png]
[script.viserlab.com/visermart/demo/assets/images/product/6742f625e06f31732441637.png]
[script.viserlab.com/visermart/demo/assets/images/product/thumb_6742f2da56ae31732440794.png]
[script.viserlab.com/visermart/demo/assets/images/product/thumb_6742f2da6d0241732440794.png]
[script.viserlab.com/visermart/demo/assets/images/product/thumb_6742f2da84b161732440794.png]
[script.viserlab.com/visermart/demo/assets/images/product/thumb_6742f2da989121732440794.png]
[script.viserlab.com/visermart/demo/assets/images/product/thumb_6742f2dab10671732440794.png]
[script.viserlab.com/visermart/demo/assets/images/product/thumb_6742f2daca80d1732440794.png]
[script.viserlab.com/visermart/demo/assets/images/product/thumb_6742f2f2dc16d1732440818.png]
[script.viserlab.com/visermart/demo/assets/images/product/thumb_6742f625e06f31732441637.png]
[script.viserlab.com/visermart/demo/product/rolex-submariner-date-18k-yellow-gold.php]
[script.viserlab.com/visermart/demo/assets/templates/basic/js/product_details73c3.js]
[script.viserlab.com/visermart/demo/assets/images/product/6742f7b700dc31732442039.png]
[script.viserlab.com/visermart/demo/assets/images/product/6742f7b6afb5f1732442038.png]
[script.viserlab.com/visermart/demo/assets/images/product/6742f7b6d6f5e1732442038.png]
[script.viserlab.com/visermart/demo/assets/images/product/6742f7b7219bd1732442039.png]
[script.viserlab.com/visermart/demo/assets/images/product/6742f7bcacc9e1732442044.png]
[script.viserlab.com/visermart/demo/assets/images/product/6742f7f6722cf1732442102.png]
[script.viserlab.com/visermart/demo/assets/images/product/thumb_6742f7b700dc31732442039.png]
[script.viserlab.com/visermart/demo/assets/images/product/thumb_6742f7b6afb5f1732442038.png]
[script.viserlab.com/visermart/demo/assets/images/product/thumb_6742f7b6d6f5e1732442038.png]
[script.viserlab.com/visermart/demo/assets/images/product/thumb_6742f7b7219bd1732442039.png]
[script.viserlab.com/visermart/demo/assets/images/product/thumb_6742f7b73b7981732442039.png]
[script.viserlab.com/visermart/demo/assets/images/product/thumb_6742f7bcacc9e1732442044.png]
[script.viserlab.com/visermart/demo/assets/images/product/thumb_6742f7f6722cf1732442102.png]
[script.viserlab.com/visermart/demo/product/golf-zipper-leather-wallet.php]
[script.viserlab.com/visermart/demo/assets/templates/basic/js/product_detailse8bd.js]
[script.viserlab.com/visermart/demo/assets/images/product/673ca1c8666c11732026824.png]
[script.viserlab.com/visermart/demo/assets/images/product/673ca1c835beb1732026824.png]
[script.viserlab.com/visermart/demo/assets/images/product/673ca1c84ecce1732026824.png]
[script.viserlab.com/visermart/demo/assets/images/product/673ca1c881f331732026824.png]
[script.viserlab.com/visermart/demo/assets/images/product/thumb_673ca1c8666c11732026824.png]
[script.viserlab.com/visermart/demo/assets/images/product/thumb_673ca1c835beb1732026824.png]
[script.viserlab.com/visermart/demo/assets/images/product/thumb_673ca1c84ecce1732026824.png]
[script.viserlab.com/visermart/demo/assets/images/product/thumb_673ca1c881f331732026824.png]
[script.viserlab.com/visermart/demo/product/mens-short-sleeve-t-shirt-with-fantastic-graphic.php]
[script.viserlab.com/visermart/demo/assets/templates/basic/js/product_details8490.js]
[script.viserlab.com/visermart/demo/product/oversized-t-shirt-with-logo.php]
[script.viserlab.com/visermart/demo/assets/templates/basic/js/product_detailsd55a.js]
[script.viserlab.com/visermart/demo/product/mens-green-striped-t-shirt.php]
[script.viserlab.com/visermart/demo/assets/templates/basic/js/product_detailsbeae.js]
[script.viserlab.com/visermart/demo/assets/images/product/673c9ee7d3ed71732026087.png]
[script.viserlab.com/visermart/demo/assets/images/product/673c9ee7e8bf61732026087.png]
[script.viserlab.com/visermart/demo/assets/images/product/673c9ee8066b21732026088.png]
[script.viserlab.com/visermart/demo/assets/images/product/673c9ee81c7e81732026088.png]
[script.viserlab.com/visermart/demo/assets/images/product/thumb_673c9ee7d3ed71732026087.png]
[script.viserlab.com/visermart/demo/assets/images/product/thumb_673c9ee7e8bf61732026087.png]
[script.viserlab.com/visermart/demo/assets/images/product/thumb_673c9ee8066b21732026088.png]
[script.viserlab.com/visermart/demo/assets/images/product/thumb_673c9ee81c7e81732026088.png]
[script.viserlab.com/visermart/demo/product/man-active-performance-t-shirt-black.php]
[script.viserlab.com/visermart/demo/assets/templates/basic/js/product_details70fe.js]
[script.viserlab.com/visermart/demo/product/eleiko-mens-t-shirt.php]
[script.viserlab.com/visermart/demo/assets/templates/basic/js/product_detailsa54e.js]
[script.viserlab.com/visermart/demo/product/mens-black-camouflage-patterned-t-shirt.php]
[script.viserlab.com/visermart/demo/assets/templates/basic/js/product_detailsa9a8.js]
[script.viserlab.com/visermart/demo/assets/images/product/6721fdea53a2c1730280938.png]
[script.viserlab.com/visermart/demo/assets/images/product/thumb_6721fdea53a2c1730280938.png]
[script.viserlab.com/visermart/demo/product/classic-gingham-shirt.php]
[script.viserlab.com/visermart/demo/assets/templates/basic/js/product_detailsc625.js]
[script.viserlab.com/visermart/demo/assets/images/product/6721fe7bf35b41730281083.png]
[script.viserlab.com/visermart/demo/assets/images/product/thumb_6721fe7bf35b41730281083.png]
[script.viserlab.com/visermart/demo/product/mens-full-sleeve-shirt.php]
[script.viserlab.com/visermart/demo/assets/templates/basic/js/product_detailsab9c.js]
[script.viserlab.com/visermart/demo/assets/images/product/6721fee8328d01730281192.png]
[script.viserlab.com/visermart/demo/assets/images/product/thumb_6721fee8328d01730281192.png]
[script.viserlab.com/visermart/demo/product/mens-full-sleeve-formal-shirt.php]
[script.viserlab.com/visermart/demo/assets/templates/basic/js/product_details757a.js]
[script.viserlab.com/visermart/demo/assets/images/product/6721fe32859d71730281010.png]
[script.viserlab.com/visermart/demo/assets/images/product/thumb_6721fe32859d71730281010.png]
[script.viserlab.com/visermart/demo/product/green-plaid-flannel-shirt.php]
[script.viserlab.com/visermart/demo/assets/images/product/6721fe32e8f2a1730281010.png]
[script.viserlab.com/visermart/demo/assets/images/product/thumb_6721fe32e8f2a1730281010.png]
[script.viserlab.com/visermart/demo/product/blue-plaid-shirt.php]
[script.viserlab.com/visermart/demo/assets/templates/basic/js/product_detailsa396.js]
[script.viserlab.com/visermart/demo/assets/images/product/6721fe32d31ef1730281010.png]
[script.viserlab.com/visermart/demo/assets/images/product/thumb_6721fe32d31ef1730281010.png]
[script.viserlab.com/visermart/demo/product/mens-plaid-button-down-shirt.php]
[script.viserlab.com/visermart/demo/assets/templates/basic/js/product_detailsa80f.js]
[script.viserlab.com/visermart/demo/assets/images/product/6721fe45918221730281029.png]
[script.viserlab.com/visermart/demo/assets/images/product/thumb_6721fe45918221730281029.png]
[script.viserlab.com/visermart/demo/product/mens-regular-fit-button-up-shirt.php]
[script.viserlab.com/visermart/demo/assets/templates/basic/js/product_detailsc4e9.js]
[script.viserlab.com/visermart/demo/assets/images/product/6721fe1ec19201730280990.png]
[script.viserlab.com/visermart/demo/assets/images/product/thumb_6721fe1ec19201730280990.png]
[script.viserlab.com/visermart/demo/product/denim-shirt-mens-casual-button-up-blue.php]
[script.viserlab.com/visermart/demo/assets/templates/basic/js/product_detailsbb42.js]
[script.viserlab.com/visermart/demo/assets/images/product/6721fe32af0c11730281010.png]
[script.viserlab.com/visermart/demo/assets/images/product/thumb_6721fe32af0c11730281010.png]
[script.viserlab.com/visermart/demo/product/mens-checkered-button-down-shirt.php]
[script.viserlab.com/visermart/demo/assets/templates/basic/js/product_details8d92.js]
[script.viserlab.com/visermart/demo/assets/images/product/6721fe08152611730280968.png]
[script.viserlab.com/visermart/demo/assets/images/product/thumb_6721fe08152611730280968.png]
[script.viserlab.com/visermart/demo/product/blue-plaid-flannel-shirt.php]
[script.viserlab.com/visermart/demo/assets/images/product/6721fe1ed5a331730280990.png]
[script.viserlab.com/visermart/demo/assets/images/product/thumb_6721fe1ed5a331730280990.png]
[script.viserlab.com/visermart/demo/product/mens-casual-plaid-button-down-shirt.php]
[script.viserlab.com/visermart/demo/assets/templates/basic/js/product_detailsada3.js]
[script.viserlab.com/visermart/demo/assets/images/product/6721fe07f37741730280967.png]
[script.viserlab.com/visermart/demo/assets/images/product/thumb_6721fe07f37741730280967.png]
[script.viserlab.com/visermart/demo/product/mens-denim-shorts.php]
[script.viserlab.com/visermart/demo/assets/templates/basic/js/product_detailsfb3d.js]
[script.viserlab.com/visermart/demo/assets/images/product/6721fe0855e521730280968.png]
[script.viserlab.com/visermart/demo/assets/images/product/thumb_6721fe0855e521730280968.png]
[script.viserlab.com/visermart/demo/product/black-ribbed-jogger-pants.php]
[script.viserlab.com/visermart/demo/assets/templates/basic/js/product_detailsf46f.js]
[script.viserlab.com/visermart/demo/assets/images/product/6721fe07e27521730280967.png]
[script.viserlab.com/visermart/demo/assets/images/product/thumb_6721fe07e27521730280967.png]
[script.viserlab.com/visermart/demo/product/black-denim-jeans-for-men.php]
[script.viserlab.com/visermart/demo/assets/templates/basic/js/product_detailsd4e0.js]
[script.viserlab.com/visermart/demo/assets/images/product/6721feb55ae331730281141.png]
[script.viserlab.com/visermart/demo/assets/images/product/thumb_6721feb55ae331730281141.png]
[script.viserlab.com/visermart/demo/product/mens-distressed-black-denim-jeans.php]
[script.viserlab.com/visermart/demo/assets/templates/basic/js/product_details57ee.js]
[script.viserlab.com/visermart/demo/assets/images/product/6721feb548e9b1730281141.png]
[script.viserlab.com/visermart/demo/assets/images/product/thumb_6721feb548e9b1730281141.png]
[script.viserlab.com/visermart/demo/product/classic-blue-denim-jeans-2.php]
[script.viserlab.com/visermart/demo/assets/templates/basic/js/product_details8f13.js]
[script.viserlab.com/visermart/demo/assets/images/product/6721feb52e4361730281141.png]
[script.viserlab.com/visermart/demo/assets/images/product/thumb_6721feb52e4361730281141.png]
[script.viserlab.com/visermart/demo/product/classic-blue-denim-jeans.php]
[script.viserlab.com/visermart/demo/assets/templates/basic/js/product_detailse31c.js]
[script.viserlab.com/visermart/demo/assets/images/product/6721fee81d5d71730281192.png]
[script.viserlab.com/visermart/demo/assets/images/product/thumb_6721fee81d5d71730281192.png]
[script.viserlab.com/visermart/demo/product/mens-classic-blue-denim-jeans-2.php]
[script.viserlab.com/visermart/demo/assets/templates/basic/js/product_detailse065.js]
[script.viserlab.com/visermart/demo/assets/images/product/6721feb51b7b51730281141.png]
[script.viserlab.com/visermart/demo/assets/images/product/thumb_6721feb51b7b51730281141.png]
[script.viserlab.com/visermart/demo/product/mens-classic-blue-denim-jeans.php]
[script.viserlab.com/visermart/demo/assets/templates/basic/js/product_details057e.js]
[script.viserlab.com/visermart/demo/assets/images/product/673c284750c2b1731995719.png]
[script.viserlab.com/visermart/demo/assets/images/product/thumb_673c284750c2b1731995719.png]
[script.viserlab.com/visermart/demo/product/mens-casual-blue-chino-shorts.php]
[script.viserlab.com/visermart/demo/assets/templates/basic/js/product_detailsb5b5.js]
[script.viserlab.com/visermart/demo/assets/images/product/6721feb507f681730281141.png]
[script.viserlab.com/visermart/demo/assets/images/product/thumb_6721feb507f681730281141.png]
[script.viserlab.com/visermart/demo/product/distressed-denim-jeans-classic-blue.php]
[script.viserlab.com/visermart/demo/assets/templates/basic/js/product_details7be3.js]
[script.viserlab.com/visermart/demo/assets/images/product/6721fee7e165d1730281191.png]
[script.viserlab.com/visermart/demo/assets/images/product/thumb_6721fee7e165d1730281191.png]
[script.viserlab.com/visermart/demo/product/mens-navy-blue-cotton-short-pants.php]
[script.viserlab.com/visermart/demo/assets/templates/basic/js/product_detailsef72.js]
[script.viserlab.com/visermart/demo/assets/images/product/673c74417cfef1732015169.png]
[script.viserlab.com/visermart/demo/assets/images/product/673c7441a006d1732015169.png]
[script.viserlab.com/visermart/demo/assets/images/product/673c7441c42541732015169.png]
[script.viserlab.com/visermart/demo/assets/images/product/673c7441d87501732015169.png]
[script.viserlab.com/visermart/demo/assets/images/product/673c7441f17361732015169.png]
[script.viserlab.com/visermart/demo/assets/images/product/thumb_673c74417cfef1732015169.png]
[script.viserlab.com/visermart/demo/assets/images/product/thumb_673c7441a006d1732015169.png]
[script.viserlab.com/visermart/demo/assets/images/product/thumb_673c7441c42541732015169.png]
[script.viserlab.com/visermart/demo/assets/images/product/thumb_673c7441d87501732015169.png]
[script.viserlab.com/visermart/demo/assets/images/product/thumb_673c7441f17361732015169.png]
[script.viserlab.com/visermart/demo/product/pink-satin-bow-dress.php]
[script.viserlab.com/visermart/demo/assets/templates/basic/js/product_details47c4.js]
[script.viserlab.com/visermart/demo/product/pink-floral-embroidered-tulle-ball-gown.php]
[script.viserlab.com/visermart/demo/assets/templates/basic/js/product_details2991.js]
[script.viserlab.com/visermart/demo/product/womens-white-embroidered-top.php]
[script.viserlab.com/visermart/demo/assets/templates/basic/js/product_detailsdc2c.js]
[script.viserlab.com/visermart/demo/product/womens-casual-loose-half-sleeve-v-neck-chiffon-blouse.php]
[script.viserlab.com/visermart/demo/assets/templates/basic/js/product_details0819.js]
[script.viserlab.com/visermart/demo/product/womens-summer-casual-loose-tops-v-neck-short-sleeve-blouses.php]
[script.viserlab.com/visermart/demo/assets/templates/basic/js/product_detailsa42d.js]
[script.viserlab.com/visermart/demo/assets/images/product/673c6ff230bb91732014066.png]
[script.viserlab.com/visermart/demo/assets/images/product/673c6ff1c21c31732014065.png]
[script.viserlab.com/visermart/demo/assets/images/product/673c6ff1d29971732014065.png]
[script.viserlab.com/visermart/demo/assets/images/product/673c6ff1e7bfb1732014065.png]
[script.viserlab.com/visermart/demo/assets/images/product/673c6ff2090b51732014066.png]
[script.viserlab.com/visermart/demo/assets/images/product/673c6ff24c8311732014066.png]
[script.viserlab.com/visermart/demo/assets/images/product/673c6ff6017c41732014070.png]
[script.viserlab.com/visermart/demo/assets/images/product/673c6ff613f341732014070.png]
[script.viserlab.com/visermart/demo/assets/images/product/673c6ff6242d91732014070.png]
[script.viserlab.com/visermart/demo/assets/images/product/thumb_673c6ff230bb91732014066.png]
[script.viserlab.com/visermart/demo/assets/images/product/thumb_673c6ff1c21c31732014065.png]
[script.viserlab.com/visermart/demo/assets/images/product/thumb_673c6ff1d29971732014065.png]
[script.viserlab.com/visermart/demo/assets/images/product/thumb_673c6ff1e7bfb1732014065.png]
[script.viserlab.com/visermart/demo/assets/images/product/thumb_673c6ff2090b51732014066.png]
[script.viserlab.com/visermart/demo/assets/images/product/thumb_673c6ff24c8311732014066.png]
[script.viserlab.com/visermart/demo/assets/images/product/thumb_673c6ff6017c41732014070.png]
[script.viserlab.com/visermart/demo/assets/images/product/thumb_673c6ff613f341732014070.png]
[script.viserlab.com/visermart/demo/assets/images/product/thumb_673c6ff6242d91732014070.png]
[script.viserlab.com/visermart/demo/product/fashionable-octagon-sunglasses.php]
[script.viserlab.com/visermart/demo/product/fashionable-geometric-style-sunglasses-for-women.php]
[script.viserlab.com/visermart/demo/assets/templates/basic/js/product_details4bd7.js]
[script.viserlab.com/visermart/demo/product/rhinestone-sunglasses.php]
[script.viserlab.com/visermart/demo/assets/templates/basic/js/product_details6d1d.js]
[script.viserlab.com/visermart/demo/product/oversized-sunglasses-women-fashion-gradient-sun-glasses.php]
[script.viserlab.com/visermart/demo/assets/templates/basic/js/product_detailsfec7.js]
[script.viserlab.com/visermart/demo/assets/images/product/673c654755f9e1732011335.png]
[script.viserlab.com/visermart/demo/assets/images/product/673c6542d178e1732011330.png]
[script.viserlab.com/visermart/demo/assets/images/product/673c6542e54ba1732011330.png]
[script.viserlab.com/visermart/demo/assets/images/product/673c654300f321732011331.png]
[script.viserlab.com/visermart/demo/assets/images/product/673c65430f5451732011331.png]
[script.viserlab.com/visermart/demo/assets/images/product/673c65432034c1732011331.png]
[script.viserlab.com/visermart/demo/assets/images/product/673c654331edf1732011331.png]
[script.viserlab.com/visermart/demo/assets/images/product/thumb_673c654755f9e1732011335.png]
[script.viserlab.com/visermart/demo/assets/images/product/thumb_673c6542d178e1732011330.png]
[script.viserlab.com/visermart/demo/assets/images/product/thumb_673c6542e54ba1732011330.png]
[script.viserlab.com/visermart/demo/assets/images/product/thumb_673c654300f321732011331.png]
[script.viserlab.com/visermart/demo/assets/images/product/thumb_673c65430f5451732011331.png]
[script.viserlab.com/visermart/demo/assets/images/product/thumb_673c65432034c1732011331.png]
[script.viserlab.com/visermart/demo/assets/images/product/thumb_673c654331edf1732011331.png]
[script.viserlab.com/visermart/demo/product/womens-yoga-outfits-4-piece-set-sportswear-activewear-gym-fitness-workout-clothes.php]
[script.viserlab.com/visermart/demo/assets/templates/basic/js/product_details9c09.js]
[script.viserlab.com/visermart/demo/product/womens-high-waist-workout-leggings.php]
[script.viserlab.com/visermart/demo/assets/templates/basic/js/product_details4886.js]
[script.viserlab.com/visermart/demo/product/womens-black-t-shirt-and-olive-green-leggings.php]
[script.viserlab.com/visermart/demo/assets/templates/basic/js/product_details46fa.js]
[script.viserlab.com/visermart/demo/product/womens-blue-yoga-fitness-sportswear-set.php]
[script.viserlab.com/visermart/demo/assets/templates/basic/js/product_details8524.js]
[script.viserlab.com/visermart/demo/product/womens-blue-white-crop-top-leggings-set.php]
[script.viserlab.com/visermart/demo/assets/templates/basic/js/product_detailsae56.js]
[script.viserlab.com/visermart/demo/product/womens-black-crop-top-and-leggings-set.php]
[script.viserlab.com/visermart/demo/assets/templates/basic/js/product_details7c05.js]
[script.viserlab.com/visermart/demo/product/womens-black-red-sporty-crop-top-leggings-set.php]
[script.viserlab.com/visermart/demo/assets/templates/basic/js/product_details72eb.js]
[script.viserlab.com/visermart/demo/assets/images/product/673b54f68898b1731941622.png]
[script.viserlab.com/visermart/demo/assets/images/product/673b53d91f3251731941337.png]
[script.viserlab.com/visermart/demo/assets/images/product/673b53d950eb81731941337.png]
[script.viserlab.com/visermart/demo/assets/images/product/673b53d968a1a1731941337.png]
[script.viserlab.com/visermart/demo/assets/images/product/673b53d97dcd21731941337.png]
[script.viserlab.com/visermart/demo/assets/images/product/673b54f6b34e31731941622.png]
[script.viserlab.com/visermart/demo/assets/images/product/thumb_673b54f68898b1731941622.png]
[script.viserlab.com/visermart/demo/assets/images/product/thumb_673b53d91f3251731941337.png]
[script.viserlab.com/visermart/demo/assets/images/product/thumb_673b53d93590f1731941337.png]
[script.viserlab.com/visermart/demo/assets/images/product/thumb_673b53d950eb81731941337.png]
[script.viserlab.com/visermart/demo/assets/images/product/thumb_673b53d968a1a1731941337.png]
[script.viserlab.com/visermart/demo/assets/images/product/thumb_673b53d97dcd21731941337.png]
[script.viserlab.com/visermart/demo/assets/images/product/thumb_673b54f6b34e31731941622.png]
[script.viserlab.com/visermart/demo/product/womens-denim-a-line-skirt.php]
[script.viserlab.com/visermart/demo/assets/templates/basic/js/product_detailsf4bd.js]
[script.viserlab.com/visermart/demo/assets/images/product/673b53d9035211731941337.png]
[script.viserlab.com/visermart/demo/assets/images/product/thumb_673b53d9035211731941337.png]
[script.viserlab.com/visermart/demo/product/womens-high-waist-a-line-skirt-with-belt.php]
[script.viserlab.com/visermart/demo/assets/templates/basic/js/product_details1b03.js]
[script.viserlab.com/visermart/demo/product/womens-high-waist-button-a-line-skirt.php]
[script.viserlab.com/visermart/demo/assets/templates/basic/js/product_detailsc1ab.js]
[script.viserlab.com/visermart/demo/product/womens-casual-a-line-mini-skirt-with-drawstring-waist.php]
[script.viserlab.com/visermart/demo/product/womens-high-waist-a-line-skirt-with-bow.php]
[script.viserlab.com/visermart/demo/assets/templates/basic/js/product_details2de7.js]
[script.viserlab.com/visermart/demo/product/womens-high-waisted-a-line-pleated-skirt-beige.php]
[script.viserlab.com/visermart/demo/assets/templates/basic/js/product_details34ca.js]
[script.viserlab.com/visermart/demo/product/womens-casual-button-front-a-line-skirt-with-pockets.php]
[script.viserlab.com/visermart/demo/assets/templates/basic/js/product_details1c2b.js]
[script.viserlab.com/visermart/demo/product/womens-casual-button-down-a-line-skirt.php]
[script.viserlab.com/visermart/demo/assets/templates/basic/js/product_details30df.js]
[script.viserlab.com/visermart/demo/assets/images/product/673b519bb25a81731940763.png]
[script.viserlab.com/visermart/demo/assets/images/product/673b519be55d71731940763.png]
[script.viserlab.com/visermart/demo/assets/images/product/673b519c058a91731940764.png]
[script.viserlab.com/visermart/demo/assets/images/product/673b519c1fd9c1731940764.png]
[script.viserlab.com/visermart/demo/assets/images/product/thumb_673b519bb25a81731940763.png]
[script.viserlab.com/visermart/demo/assets/images/product/thumb_673b519be55d71731940763.png]
[script.viserlab.com/visermart/demo/assets/images/product/thumb_673b519c058a91731940764.png]
[script.viserlab.com/visermart/demo/assets/images/product/thumb_673b519c1fd9c1731940764.png]
[script.viserlab.com/visermart/demo/product/womens-classic-red-block-heel-pumps.php]
[script.viserlab.com/visermart/demo/assets/templates/basic/js/product_details79ac.js]
[script.viserlab.com/visermart/demo/assets/images/product/673b519bcbdd61731940763.png]
[script.viserlab.com/visermart/demo/assets/images/product/thumb_673b519bcbdd61731940763.png]
[script.viserlab.com/visermart/demo/product/womens-breathable-knit-slip-on-casual-sneakers.php]
[script.viserlab.com/visermart/demo/assets/templates/basic/js/product_details78bf.js]
[script.viserlab.com/visermart/demo/product/womens-pink-velvet-kitten-heel-pumps-with-gold-chain-detail.php]
[script.viserlab.com/visermart/demo/assets/templates/basic/js/product_detailsa5e0.js]
[script.viserlab.com/visermart/demo/product/red-knitted-chain-buckle-block-heel-womens-pumps.php]
[script.viserlab.com/visermart/demo/assets/templates/basic/js/product_detailsd6f6.js]
[script.viserlab.com/visermart/demo/product/womens-black-wedge-heel-formal-party-shoes-with-rhinestones.php]
[script.viserlab.com/visermart/demo/assets/images/product/673b4ec5619401731940037.png]
[script.viserlab.com/visermart/demo/assets/images/product/673b4ec58701c1731940037.png]
[script.viserlab.com/visermart/demo/product/geometric-print-scarf.php]
[script.viserlab.com/visermart/demo/product/printed-cotton-hijab.php]
[script.viserlab.com/visermart/demo/product/plaid-blanket-scarf-1.php]
[script.viserlab.com/visermart/demo/product/plaid-scarf-winter-warm-cozy-soft-blanket-scarf-shawl-wrap-for-women.php]
[script.viserlab.com/visermart/demo/product/plaid-blanket-scarf.php]
[script.viserlab.com/visermart/demo/product/black-white-floral-printed-scarf.php]
[script.viserlab.com/visermart/demo/product/pink-banarasi-silk-saree-with-woven-design.php]
[script.viserlab.com/visermart/demo/product/pink-printed-cotton-saree-with-green-border.php]
[script.viserlab.com/visermart/demo/product/pink-and-white-block-printed-cotton-saree-with-tassels.php]
[script.viserlab.com/visermart/demo/product/high-waisted-mom-jeans.php]
[script.viserlab.com/visermart/demo/product/wide-leg-cargo-pants.php]
[script.viserlab.com/visermart/demo/product/suede-cargo-pants.php]
[script.viserlab.com/visermart/demo/product/womens-cargo-pants.php]
[script.viserlab.com/visermart/demo/product/womens-high-waist-wide-leg-pants.php]
[script.viserlab.com/visermart/demo/product/womens-casual-loose-wide-leg-linen-pants-with-drawstring-waist.php]
[script.viserlab.com/visermart/demo/product/womens-floral-printed-a-line-kurta-with-white-palazzos.php]
[script.viserlab.com/visermart/demo/product/green-floral-printed-kurta-with-pink-palazzo-pants.php]
[script.viserlab.com/visermart/demo/product/maroon-embroidered-kurta.php]
[script.viserlab.com/visermart/demo/product/floral-printed-kurta.php]
[script.viserlab.com/visermart/demo/product/gold-plated-necklace-set-with-pearls-for-women.php]
[script.viserlab.com/visermart/demo/product/gold-plated-kundan-necklace-set.php]
[script.viserlab.com/visermart/demo/product/gold-plated-kundan-and-meenakari-necklace-set-with-earrings.php]
[script.viserlab.com/visermart/demo/product/diamond-ring-in-14k-gold-with-a-delicate-floral-design.php]
[script.viserlab.com/visermart/demo/product/22k-gold-designer-bangles-with-red-stone-set-of-2.php]
[script.viserlab.com/visermart/demo/product/gold-plated-kundan-and-pearl-jhumka-earrings.php]
[script.viserlab.com/visermart/demo/product/gold-necklace-with-intricate-design.php]
[script.viserlab.com/visermart/demo/product/classic-pointed-toe-stiletto-heels.php]
[script.viserlab.com/visermart/demo/product/womens-pointed-slingback-heels.php]
[script.viserlab.com/visermart/demo/product/womens-rhinestone-open-toe-slingback-high-heel-sandals.php]
[script.viserlab.com/visermart/demo/product/womens-black-chain-decorated-slip-on-ballerina-flats.php]
[script.viserlab.com/visermart/demo/product/womens-suede-pointed-toe-bow-flat-ballerina-flats.php]
[script.viserlab.com/visermart/demo/product/womens-classic-pointed-toe-ballerina-flats.php]
[script.viserlab.com/visermart/demo/product/womens-pointed-toe-ballet-flat-slip-on-casual-shoes.php]
[script.viserlab.com/visermart/demo/product/womens-classic-double-breasted-wool-blend-peacoat.php]
[script.viserlab.com/visermart/demo/product/womens-speckled-cropped-sweater.php]
[script.viserlab.com/visermart/demo/product/womens-casual-solid-colour-hooded-cardigan.php]
[script.viserlab.com/visermart/demo/product/pink-monkey-sweatshirt.php]
[script.viserlab.com/visermart/demo/product/womens-casual-long-sleeve-knitted-sweater.php]
[script.viserlab.com/visermart/demo/product/navy-blue-floral-printed-kurta-with-palazzo.php]
[script.viserlab.com/visermart/demo/product/navy-blue-embroidered-anarkali-suit-with-dupatta.php]
[script.viserlab.com/visermart/demo/product/purple-embroidered-kurta-with-matching-palazzo-pants.php]
[script.viserlab.com/visermart/demo/product/green-floral-printed-anarkali-suit.php]
[script.viserlab.com/visermart/demo/product/womens-small-shoulder-bag-light-blue.php]
[script.viserlab.com/visermart/demo/product/fashionable-womens-small-shoulder-bag-with-fur-charm.php]
[script.viserlab.com/visermart/demo/product/womens-large-capacity-quilted-pu-leather-handbag.php]
[script.viserlab.com/visermart/demo/product/fashionable-faux-leather-crossbody-bag.php]
[script.viserlab.com/visermart/demo/product/womens-fashionable-designer-handbag-with-fur-charm.php]
[script.viserlab.com/visermart/demo/product/embroidered-abaya-for-women.php]
[script.viserlab.com/visermart/demo/product/grey-abaya-with-black-embroidery.php]
[script.viserlab.com/visermart/demo/product/abaya-dress-with-pockets-and-belt.php]
[script.viserlab.com/visermart/demo/product/black-abaya-with-grey-border.php]
[script.viserlab.com/visermart/demo/product/gold-necklace-set-with-earrings.php]
[script.viserlab.com/visermart/demo/product/gold-necklace-with-emerald-and-ruby-stones.php]
[script.viserlab.com/visermart/demo/product/diamond-engagement-ring-in-yellow-gold.php]
[script.viserlab.com/visermart/demo/product/gold-jhumka-earrings.php]
[script.viserlab.com/visermart/demo/product/lige-bw0256-smart-watch.php]
[script.viserlab.com/visermart/demo/product/apple-watch-ultra.php]
[script.viserlab.com/visermart/demo/product/apple-watch-series-10-titanium-edition.php]
[script.viserlab.com/visermart/demo/product/apple-watch-series-10.php]
[script.viserlab.com/visermart/demo/product/apple-watch-ultra-2.php]
[script.viserlab.com/visermart/demo/product/apple-watch-se.php]
[script.viserlab.com/visermart/demo/product/realme-10-pro.php]
[script.viserlab.com/visermart/demo/product/nothing-phone-2.php]
[script.viserlab.com/visermart/demo/product/motorola-edge-50-neo-5g.php]
[script.viserlab.com/visermart/demo/product/oppo-reno12-f.php]
[script.viserlab.com/visermart/demo/product/infinix-hot-50-pro-plus.php]
[script.viserlab.com/visermart/demo/product/vivo-v27-pro.php]
[script.viserlab.com/visermart/demo/product/xiaomi-redmi-12.php]
[script.viserlab.com/visermart/demo/product/samsung-galaxy-a55-5g.php]
[script.viserlab.com/visermart/demo/product/iphone-15.php]
[script.viserlab.com/visermart/demo/product/galaxy-s24-ultra-5g.php]
[script.viserlab.com/visermart/demo/product/iphone-15-pro.php]
[script.viserlab.com/visermart/demo/product/round-hill-district-salute-the-pioneers.php]
[script.viserlab.com/visermart/demo/product/the-big-deal-6-steps-formula.php]
[script.viserlab.com/visermart/demo/product/a-kids-book-about-periods.php]
[script.viserlab.com/visermart/demo/product/a-kids-book-about-beauty.php]
[script.viserlab.com/visermart/demo/product/product-led-onboarding-how-to-turn-users-into-lifelong-customers.php]
[script.viserlab.com/visermart/demo/product/mascot-mascots-in-contemporary-graphic-design.php]
[script.viserlab.com/visermart/demo/product/hooked-how-to-build-habit-forming-products.php]
[script.viserlab.com/visermart/demo/product/rebel-girls-dads-and-daughters-25-tales-of-teamwork-and-fun.php]
[script.viserlab.com/visermart/demo/apple/products.php]
[script.viserlab.com/visermart/demo/nivea/products.php]
[script.viserlab.com/visermart/demo/dove/products.php]
[script.viserlab.com/visermart/demo/sony/products.php]
[script.viserlab.com/visermart/demo/canon/products.php]
[script.viserlab.com/visermart/demo/gucci/products.php]
[script.viserlab.com/visermart/demo/diesel/products.php]
[script.viserlab.com/visermart/demo/dolge-gabbana/products.php]
[script.viserlab.com/visermart/demo/samsung/products.php]
[script.viserlab.com/visermart/demo/nike/products.php]
[script.viserlab.com/visermart/demo/xiaomi/products.php]
[script.viserlab.com/visermart/demo/vivo/products.php]
[script.viserlab.com/visermart/demo/oppo/products.php]
[script.viserlab.com/visermart/demo/realme/products.php]
[script.viserlab.com/visermart/demo/google/products.php]
[script.viserlab.com/visermart/demo/nokia/products.php]
[script.viserlab.com/visermart/demo/cart.php]
[script.viserlab.com/visermart/demo/wishlist.php]
[script.viserlab.com/visermart/demo/cookie-policy.php]
[script.viserlab.com/visermart/demo/policy/return-policy.php]
[script.viserlab.com/visermart/demo/policy/privacy-policy.php]
[script.viserlab.com/visermart/demo/policy/terms-and-conditions.php]
[script.viserlab.com/visermart/demo/offers.php]
[script.viserlab.com/visermart/demo/user/register.php]
[script.viserlab.com/visermart/demo/user/login.php]
[script.viserlab.com/visermart/demo/faq.php]
[script.viserlab.com/visermart/demo/brands.php]
[script.viserlab.com/visermart/demo/user/password/reset.php]
[script.viserlab.com/visermart/demo/assets/templates/basic/images/google.svg]
[script.viserlab.com/visermart/demo/assets/global/css/iziToast.min.css]
[script.viserlab.com/visermart/demo/assets/global/css/iziToast_custom.css]
[script.viserlab.com/visermart/demo/cookie/accept.php]
[script.viserlab.com/visermart/demo/cart-items-count.php]
[script.viserlab.com/visermart/demo/cart-subtotal.php]
[script.viserlab.com/visermart/demo/cart-shortlist.php]
[script.viserlab.com/visermart/demo/wishlist-short.php]
[script.viserlab.com/visermart/demo/wishlist-count.php]
[script.viserlab.com/visermart/demo/apply-coupon.php]
[script.viserlab.com/visermart/demo/subscribe.php]
[script.viserlab.com/visermart/demo/assets/global/fonts/la-brands-400.svg]
[script.viserlab.com/visermart/demo/assets/global/fonts/la-regular-400.svg]
[script.viserlab.com/visermart/demo/assets/global/fonts/la-solid-900.svg]
[script.viserlab.com/visermart/demo/assets/templates/basic/css/owl.video.play.php]
[script.viserlab.com/visermart/demo/assets/templates/basic/css/order-track.css]
[script.viserlab.com/visermart/demo/assets/templates/basic/css/products-page.css]
[script.viserlab.com/visermart/demo/product/classic-aviator-sunglasses-for-men.php]
[script.viserlab.com/visermart/demo/product/classic-aviator-sunglasses-with-black-frame-and-dark-lens.php]
[script.viserlab.com/visermart/demo/product/black-square-sunglasses.php]
[script.viserlab.com/visermart/demo/product/polarized-sport-sunglasses.php]
[script.viserlab.com/visermart/demo/product/ray-ban-aviator-sunglasses.php]
[script.viserlab.com/visermart/demo/product/mens-genuine-leather-wallet-with-wrist-strap-rfid-blocking-large-capacity-long-bifold-wallet-with-zipper-for-cash-credit-cards.php]
[script.viserlab.com/visermart/demo/product/mens-genuine-leather-wallet-with-zipper-pocket-brown.php]
[script.viserlab.com/visermart/demo/product/leather-wallet-with-flap-closure.php]
[script.viserlab.com/visermart/demo/product/emporio-armani-mens-leather-wallet.php]
[script.viserlab.com/visermart/demo/product/mens-genuine-leather-wallet.php]
[script.viserlab.com/visermart/demo/product/skulls-mens-genuine-leather-minimalist-bifold-wallet.php]
[script.viserlab.com/visermart/demo/product/red-line-chronograph-watch-mens-fashionable-timepiece.php]
[script.viserlab.com/visermart/demo/product/iwc-schaffhausen-pilots-watch-chronograph-41.php]
[script.viserlab.com/visermart/demo/product/blatec-classic-watch.php]
[script.viserlab.com/visermart/demo/product/mens-fashionable-leather-strap-quartz-wrist-watch.php]
[script.viserlab.com/visermart/demo/product/omega-seamaster-aqua-terra-150m-gold-watch-23110422101001.php]
[script.viserlab.com/visermart/demo/product/kinderberg-mens-automatic-mechanical-chronograph-watch-with-blue-dial-and-stainless-steel-band.php]
[script.viserlab.com/visermart/demo/product/iwc-schaffhausen-automatic-watch.php]
[script.viserlab.com/visermart/demo/product/athletic-fusion-compression-long-sleeve-t-shirt.php]
[script.viserlab.com/visermart/demo/product/mens-track-pants-with-side-zipper.php]
[script.viserlab.com/visermart/demo/product/mens-casual-fashion-jogger-pants-with-zipper-pockets.php]
[script.viserlab.com/visermart/demo/product/mens-casual-sport-jogger-pants-with-side-stripe.php]
[script.viserlab.com/visermart/demo/products/fashion-apparel4a7d.php]
[script.viserlab.com/visermart/demo/products/fashion-apparel5777.php]
[script.viserlab.com/visermart/demo/products/fashion-apparel808f.php]
[script.viserlab.com/visermart/demo/products/fashion-apparel7fd9.php]
[script.viserlab.com/visermart/demo/products/fashion-apparel596d.php]
[script.viserlab.com/visermart/demo/products/fashion-apparel36c3.php]
[script.viserlab.com/visermart/demo/products/fashion-apparelb954.php]
[script.viserlab.com/visermart/demo/products/fashion-apparel65ed.php]
[script.viserlab.com/visermart/demo/products/fashion-apparel8c1e.php]
[script.viserlab.com/visermart/demo/products/url.php]
[script.viserlab.com/visermart/demo/products/mens-fashion8ad3.php]
[script.viserlab.com/visermart/demo/products/mens-fashionc9c4.php]
[script.viserlab.com/visermart/demo/products/mens-fashion7f77.php]
[script.viserlab.com/visermart/demo/products/mens-fashion79fb.php]
[script.viserlab.com/visermart/demo/product/loyalty-american-flag-drip-t-shirt.php]
[script.viserlab.com/visermart/demo/product/firefox-dj-t-shirt.php]
[script.viserlab.com/visermart/demo/product/mens-fair-trade-t-shirt.php]
[script.viserlab.com/visermart/demo/product/mens-solid-color-short-sleeve-polo-shirt.php]
[script.viserlab.com/visermart/demo/product/mens-performance-polo-shirt.php]
[script.viserlab.com/visermart/demo/product/yellow-crew-neck-sweatshirt.php]
[script.viserlab.com/visermart/demo/product/mens-denim-long-sleeve-shirt-casual-button-down-shirt.php]
[script.viserlab.com/visermart/demo/product/mens-long-sleeve-oxford-shirt-casual-solid-color-button-down-dress-shirts.php]
[script.viserlab.com/visermart/demo/product/carhartt-mens-short-sleeve-plaid-shirt.php]
[script.viserlab.com/visermart/demo/product/gladbacker-high-visibility-workwear-trousers.php]
[script.viserlab.com/visermart/demo/product/mens-distressed-denim-jeans.php]
[script.viserlab.com/visermart/demo/product/mens-casual-straight-leg-denim-jeans.php]
[script.viserlab.com/visermart/demo/product/mens-slim-fit-blue-dress-pants.php]
[script.viserlab.com/visermart/demo/product/mens-tactical-cargo-pants-water-resistant-hiking-trekking-outdoor-work-pants.php]
[script.viserlab.com/visermart/demo/product/mens-casual-solid-color-sweatpants.php]
[script.viserlab.com/visermart/demo/product/girls-rhinestone-embellished-skinny-jeans.php]
[script.viserlab.com/visermart/demo/product/mens-blue-denim-jeans.php]
[script.viserlab.com/visermart/demo/product/distressed-denim-jeans.php]
[script.viserlab.com/visermart/demo/product/mens-yellow-puffer-vest.php]
[script.viserlab.com/visermart/demo/product/mens-casual-military-style-jacket-lightweight-windbreaker-jacket-with-multiple-pockets.php]
[script.viserlab.com/visermart/demo/product/mens-yellow-hooded-jacket.php]
[script.viserlab.com/visermart/demo/product/mens-distressed-denim-jacket.php]
[script.viserlab.com/visermart/demo/product/linen-blend-suit-jacket.php]
[script.viserlab.com/visermart/demo/products/clothingf396.php]
[script.viserlab.com/visermart/demo/products/clothingb146.php]
[script.viserlab.com/visermart/demo/product/mens-white-and-orange-marble-print-short-sleeve-button-up-shirt.php]
[script.viserlab.com/visermart/demo/product/black-white-small-check-shirt-for-men.php]
[script.viserlab.com/visermart/demo/product/mens-quilted-bomber-jacket.php]
[script.viserlab.com/visermart/demo/product/mens-waterproof-winter-warm-jacket.php]
[script.viserlab.com/visermart/demo/product/mens-black-full-zip-fleece-jacket.php]
[script.viserlab.com/visermart/demo/product/mens-urban-bomber-jacket.php]
[script.viserlab.com/visermart/demo/product/unstructured-linen-blazer.php]
[script.viserlab.com/visermart/demo/product/beige-linen-suit.php]
[script.viserlab.com/visermart/demo/product/mens-lavender-slim-fit-suit.php]
[script.viserlab.com/visermart/demo/product/camouflage-long-sleeve-t-shirt.php]
[script.viserlab.com/visermart/demo/product/basic-t-shirt-for-men-plain-short-sleeve-crew-neck-cotton-casual-tees-tops.php]
[script.viserlab.com/visermart/demo/product/monte-carlo-mens-brown-leather-monk-strap-formal-shoes.php]
[script.viserlab.com/visermart/demo/product/mens-black-leather-slip-on-dress-shoes.php]
[script.viserlab.com/visermart/demo/product/boys-plaid-vest-set-with-bow-tie.php]
[script.viserlab.com/visermart/demo/product/bvlgari-sunglasses-1.php]
[script.viserlab.com/visermart/demo/product/bvlgari-sunglasses.php]
[script.viserlab.com/visermart/demo/product/womens-cat-eye-sunglasses-with-tortoise-shell-frame-and-gradient-lenses.php]
[script.viserlab.com/visermart/demo/product/fashionable-black-sunglasses-with-rose-gold-accents.php]
[script.viserlab.com/visermart/demo/product/black-cat-eye-sunglasses.php]
[script.viserlab.com/visermart/demo/products/womens-fashion427a.php]
[script.viserlab.com/visermart/demo/products/womens-fashionc826.php]
[script.viserlab.com/visermart/demo/products/womens-fashion5380.php]
[script.viserlab.com/visermart/demo/product/cute-baby-toddler-kids-reindeer-clogs-sandals-summer-beach-slippers-soft-shoes.php]
[script.viserlab.com/visermart/demo/product/kids-cartoon-animal-summer-beach-sandal-slippers-cute-clogs-anti-slip-children-shoes.php]
[script.viserlab.com/visermart/demo/product/kids-summer-beach-sandals-casual-non-slip-toddler-childrens-slippers.php]
[script.viserlab.com/visermart/demo/product/cute-bunny-kids-summer-slides-casual-outdoor-indoor-soft-comfort-sandals.php]
[script.viserlab.com/visermart/demo/product/cute-fish-shaped-cartoon-slippers-for-kids.php]
[script.viserlab.com/visermart/demo/product/baby-boys-blue-sneakers.php]
[script.viserlab.com/visermart/demo/product/miki-house-baby-boys-first-walking-shoes.php]
[script.viserlab.com/visermart/demo/product/baby-toddler-boys-girls-first-walking-shoes-soft-sole-sneakers-casual-canvas-crib-shoes.php]
[script.viserlab.com/visermart/demo/product/baby-soft-sole-sneakers-shoes-for-toddlers-first-walkers.php]
[script.viserlab.com/visermart/demo/product/kids-black-velcro-sneaker-shoes.php]
[script.viserlab.com/visermart/demo/product/white-hook-and-loop-strap-sneaker.php]
[script.viserlab.com/visermart/demo/product/white-school-shoes-for-girls.php]
[script.viserlab.com/visermart/demo/product/school-girl-black-leather-mary-jane-shoes.php]
[script.viserlab.com/visermart/demo/product/girls-black-school-shoes.php]
[script.viserlab.com/visermart/demo/product/baby-girls-summer-dress-hat-set.php]
[script.viserlab.com/visermart/demo/product/baby-girls-white-floral-embroidered-dress.php]
[script.viserlab.com/visermart/demo/product/girls-pink-eyelet-dress-with-ruffles.php]
[script.viserlab.com/visermart/demo/product/floral-print-sleeveless-dress-for-baby-girls.php]
[script.viserlab.com/visermart/demo/product/cherry-print-baby-dress-with-hat-set.php]
[script.viserlab.com/visermart/demo/product/baby-girl-knit-cardigan-sweater-with-bunny-print-grey.php]
[script.viserlab.com/visermart/demo/product/peach-embroidered-kids-girls-ethnic-kurta-palazzo-suit.php]
[script.viserlab.com/visermart/demo/product/baby-girl-clothes-set-summer-outfits-2-piece-romper-with-t-shirt-rainbow-floral-jumpsuit-with-happy-top.php]
[script.viserlab.com/visermart/demo/product/kids-girls-denim-jeans-love-heart-patch-long-trousers.php]
[script.viserlab.com/visermart/demo/products/kids-fashiond91b.php]
[script.viserlab.com/visermart/demo/product/baby-girl-cardigan-and-pants-set.php]
[script.viserlab.com/visermart/demo/product/minnie-mouse-girls-pink-joggers.php]
[script.viserlab.com/visermart/demo/product/kids-summer-shorts.php]
[script.viserlab.com/visermart/demo/product/baby-boy-summer-outfit-striped-short-sleeve-shirt-and-khaki-shorts-set.php]
[script.viserlab.com/visermart/demo/product/babyhug-boys-dino-surf-half-sleeve-shirt-with-shorts.php]
[script.viserlab.com/visermart/demo/product/boys-casual-solid-color-summer-shorts.php]
[script.viserlab.com/visermart/demo/product/babyhug-boys-checkered-half-sleeves-formal-shirt-with-bow-tie.php]
[script.viserlab.com/visermart/demo/product/baby-boy-plaid-shirt-and-shorts-set.php]
[script.viserlab.com/visermart/demo/product/boys-formal-suit-navy-blue.php]
[script.viserlab.com/visermart/demo/product/baby-boy-formal-suit-3-piece-set.php]
[script.viserlab.com/visermart/demo/product/mens-striped-kaftan.php]
[script.viserlab.com/visermart/demo/product/mens-linen-robe-relax-and-rejuvenate-in-comfort.php]
[script.viserlab.com/visermart/demo/product/mens-white-thobe-with-gold-tassel.php]
[script.viserlab.com/visermart/demo/product/mens-striped-long-sleeve-casual-tunic-top.php]
[script.viserlab.com/visermart/demo/product/mens-pink-embroidered-kurta-pajama-with-jacket.php]
[script.viserlab.com/visermart/demo/product/mens-orange-indo-western-sherwani-with-dhoti.php]
[script.viserlab.com/visermart/demo/product/mens-pink-embroidered-waistcoat-with-white-kurta-pajama-set.php]
[script.viserlab.com/visermart/demo/product/mens-navy-blue-velvet-waistcoat.php]
[script.viserlab.com/visermart/demo/product/mens-printed-nehru-jacket.php]
[script.viserlab.com/visermart/demo/product/waterbridge-occasions-english-chocolate-toffee-assortment-600g.php]
[script.viserlab.com/visermart/demo/product/arcor-butter-toffees-600g-1-lb-516-oz.php]
[script.viserlab.com/visermart/demo/product/nestle-kitkat-cocoa-plan-chocolate-bar.php]
[script.viserlab.com/visermart/demo/product/cadbury-caramel-eggs-30-pack.php]
[script.viserlab.com/visermart/demo/product/milka-oreo-chocolate-candy-bar.php]
[script.viserlab.com/visermart/demo/product/nestle-quality-street-chocolate-assortment.php]
[script.viserlab.com/visermart/demo/product/ole-smoky-tennessee-moonshine-cmon-live-a-little-gift-set.php]
[script.viserlab.com/visermart/demo/product/my-first-book-of-fancy-letters.php]
[script.viserlab.com/visermart/demo/product/the-design-of-everyday-things-don-norman.php]
[script.viserlab.com/visermart/demo/product/classic-ballpoint-pens.php]
[script.viserlab.com/visermart/demo/product/casio-dj-120d-12-digit-desktop-calculator.php]
[script.viserlab.com/visermart/demo/product/dual-pencil-sharpener-black.php]
[script.viserlab.com/visermart/demo/product/stabilo-eraser-for-pencil.php]
[script.viserlab.com/visermart/demo/product/standard-paper-clips-bulk-pack.php]
[script.viserlab.com/visermart/demo/product/mini-cartoon-staplers-assorted-colors.php]
[script.viserlab.com/visermart/demo/product/office-depot-lever-arch-file.php]
[script.viserlab.com/visermart/demo/product/stabilo-boss-executive-highlighters-4-color-set.php]
[script.viserlab.com/visermart/demo/product/odeli-auto-lock-utility-knife.php]
[script.viserlab.com/visermart/demo/product/deli-manual-hole-punch.php]
[script.viserlab.com/visermart/demo/product/3-pack-spiral-notebooks-assorted-colors.php]
[script.viserlab.com/visermart/demo/product/rapid-stapler-f6.php]
[script.viserlab.com/visermart/demo/product/black-binder-clip.php]
[script.viserlab.com/visermart/demo/product/bosch-spark-plug-silver.php]
[script.viserlab.com/visermart/demo/product/3-piece-car-air-filter-set-for-enhanced-performance-and-clean-air.php]
[script.viserlab.com/visermart/demo/product/high-performance-tires-for-ultimate-grip-and-control.php]
[script.viserlab.com/visermart/demo/product/pennzoil-5w-20-motor-oil.php]
[script.viserlab.com/visermart/demo/product/shell-helix-ultra-professional-5w-30-1l.php]
[script.viserlab.com/visermart/demo/product/shell-helix-hx7-5w-30-synthetic-motor-oil-4l.php]
[script.viserlab.com/visermart/demo/product/focal-f22-wheel-with-red-lip-18x8.php]
[script.viserlab.com/visermart/demo/product/bosch-oil-filter-0-028-406-028-25z-619.php]
[script.viserlab.com/visermart/demo/product/travelax-backpack.php]
[script.viserlab.com/visermart/demo/product/high-sierra-fatboy-backpack.php]
[script.viserlab.com/visermart/demo/product/under-armour-undeniable-duffel.php]
[script.viserlab.com/visermart/demo/product/ogio-terminal-travel-bag.php]
[script.viserlab.com/visermart/demo/product/caribee-scarecrow-dx-70l-wheeled-duffel.php]
[script.viserlab.com/visermart/demo/product/osprey-sojourn-80l-wheeled-duffel.php]
[script.viserlab.com/visermart/demo/product/monos-carry-on-plus-olive.php]
[script.viserlab.com/visermart/demo/product/monos-carry-on-plus-terrazzo-white.php]
[script.viserlab.com/visermart/demo/product/everlast-protex-16oz-boxing-gloves.php]
[script.viserlab.com/visermart/demo/product/kookaburra-junior-cricket-helmet.php]
[script.viserlab.com/visermart/demo/product/macgregor-mens-complete-golf-set-with-bag.php]
[script.viserlab.com/visermart/demo/product/2-pack-table-tennis-rackets-with-1-ping-pong-ball.php]
[script.viserlab.com/visermart/demo/product/tennis-ball.php]
[script.viserlab.com/visermart/demo/product/baseball-white-leather-baseball.php]
[script.viserlab.com/visermart/demo/product/classic-basketball.php]
[script.viserlab.com/visermart/demo/product/nokia-110-classic-mobile-phone.php]
[script.viserlab.com/visermart/demo/product/canon-eos-5ds-digital-slr-camera.php]
[script.viserlab.com/visermart/demo/product/sony-xdcam-4k-camcorder-pxw-xdc41.php]
[script.viserlab.com/visermart/demo/product/3-port-car-charger-10a-for-iphone-20a-for-android-21a-for-ipad.php]
[script.viserlab.com/visermart/demo/product/ipad-air.php]
[script.viserlab.com/visermart/demo/product/ipad-air-m2-2024-11-inch.php]
[script.viserlab.com/visermart/demo/product/acer-nitro-16-gaming-laptop.php]
[script.viserlab.com/visermart/demo/product/yoga-mat.php]
[script.viserlab.com/visermart/demo/product/nxg-125kg-rubber-dumbbell.php]
[script.viserlab.com/visermart/demo/product/time-release-complete-multivitamin-180-tablets.php]
[script.viserlab.com/visermart/demo/product/whats-up-x-gut-health-prebiotics-and-probiotics-gummies.php]
[script.viserlab.com/visermart/demo/product/leap-advance-salt-capsule-electrolyte-caffeine-recharge.php]
[script.viserlab.com/visermart/demo/product/sour-watermelon-cbd-gummies.php]
[script.viserlab.com/visermart/demo/product/hair-skin-nails-maximum-potency-hair-skin-nails-complex.php]
[script.viserlab.com/visermart/demo/product/super-gummy-iron-vitamins-smashing-strawberry-30-chewable-supplements.php]
[script.viserlab.com/visermart/demo/product/fab-active-period-care-30-tablets.php]
[script.viserlab.com/visermart/demo/product/shs-45-lb-olympic-weightlifting-bar.php]
[script.viserlab.com/visermart/demo/product/reebok-zet-10-treadmill.php]
[script.viserlab.com/visermart/demo/product/snake-plant-in-white-pot.php]
[script.viserlab.com/visermart/demo/product/elegant-european-style-bed.php]
[script.viserlab.com/visermart/demo/product/mid-century-modern-dining-table-and-chairs-set.php]
[script.viserlab.com/visermart/demo/product/mid-century-modern-round-dining-table.php]
[script.viserlab.com/visermart/demo/product/modern-round-side-table-with-2-shelves-and-wooden-legs.php]
[script.viserlab.com/visermart/demo/product/traditional-brown-sofa-with-ornate-wood-accents.php]
[script.viserlab.com/visermart/demo/product/armchair-with-wooden-legs.php]
[script.viserlab.com/visermart/demo/product/vaseline-pure-petroleum-jelly-original.php]
[script.viserlab.com/visermart/demo/product/vaseline-healthy-white-insta-fair-lotion-190-ml.php]
[script.viserlab.com/visermart/demo/product/nivea-creme-soft-milk-liquid-soap-250-ml.php]
[script.viserlab.com/visermart/demo/product/nivea-creme-68-oz.php]
[script.viserlab.com/visermart/demo/product/nivea-soft-2-pack.php]
[script.viserlab.com/visermart/demo/product/neutrogena-deep-clean-cream-cleanser.php]
[script.viserlab.com/visermart/demo/product/cerave-acne-foaming-cream-cleanser-5-fl-oz-150-ml.php]
[script.viserlab.com/visermart/demo/product/ponds-cold-cream-cleanser.php]
[script.viserlab.com/visermart/demo/product/sp-skincare.php]
[script.viserlab.com/visermart/demo/product/revuele-probio-probiotic-cream-cleanser.php]
[script.viserlab.com/visermart/demo/product/cetaphil-acne-gentle-clear-clarifying-acne-cream-cleanser.php]
[script.viserlab.com/visermart/demo/product/softymo-white-cleansing-cream.php]
[script.viserlab.com/visermart/demo/product/nivea-men-sport-shampoo-250ml.php]
[script.viserlab.com/visermart/demo/product/dove-pro-age-shampoo-with-micro-moisture-serum.php]
[script.viserlab.com/visermart/demo/product/nivea-men-strong-power-shampoo-normal-hair-250ml.php]
[script.viserlab.com/visermart/demo/product/colgate-and-hello-toothbrushes.php]
[script.viserlab.com/visermart/demo/product/colgate-plus.php]
[script.viserlab.com/visermart/demo/product/dove-go-fresh-beauty-bar-revitalizing-90g.php]
[script.viserlab.com/visermart/demo/product/cetaphil-intensive-moisturizing-cream-with-meadowfoam-oil.php]
[script.viserlab.com/visermart/demo/product/cerave-daily-moisturizing-lotion.php]
[script.viserlab.com/visermart/demo/product/outback-luxury-nourish-face-serum.php]
[script.viserlab.com/visermart/demo/product/diamond-elite-vitamin-c-serum.php]
[script.viserlab.com/visermart/demo/product/mad-hippie-vitamin-c-serum.php]
[script.viserlab.com/visermart/demo/product/by-wishtrend-pure-vitamin-c-215-advanced-serum.php]
[script.viserlab.com/visermart/demo/product/the-ordinary-coverage-foundation-12y-light.php]
[script.viserlab.com/visermart/demo/product/collagene-3d-oleo-serum-face-serum.php]
[script.viserlab.com/visermart/demo/product/instanatural-vitamin-c-serum.php]
[script.viserlab.com/visermart/demo/product/lotus-herbals-safe-sun-sunscreen-cream-spf-30-100-g.php]
[script.viserlab.com/visermart/demo/product/intensive-uv-sunblock-cream.php]
[script.viserlab.com/visermart/demo/product/ponds-sun-miracle-creme-gel-sunscreen-spf-35-pa.php]
[script.viserlab.com/visermart/demo/product/ponds-serum-boost-sunscreen-invisible-gel-with-niacinamide-c-spf-50-pa-non-oily-no-white-cast.php]
[script.viserlab.com/visermart/demo/product/cgg-sun-screen-cream-spf-45.php]
[script.viserlab.com/visermart/demo/product/avne-very-high-protection-sunscreen-spf-50-cream-for-dry-sensitive-skin-50-ml.php]
[script.viserlab.com/visermart/demo/product/planeta-organica.php]
[script.viserlab.com/visermart/demo/product/head-shoulders-classic-clean-anti-dandruff-shampoo.php]
[script.viserlab.com/visermart/demo/product/loral-paris-elvive-extraordinary-nourishing-shampoo-conditioner-set.php]
[script.viserlab.com/visermart/demo/product/pantene-pro-v-shampoo-locken-pur.php]
[script.viserlab.com/visermart/demo/product/palmolive-naturals-healthy-smooth-shampoo-conditioner-normal-hair.php]
[script.viserlab.com/visermart/demo/product/rosemary-mint-scalp-hair-strengthening-oil.php]
[script.viserlab.com/visermart/demo/product/krastase-elixir-ultime-le-bain-shampoo.php]
[script.viserlab.com/visermart/demo/product/maskin-relaxin-moisturizing-scalp-mask.php]
[script.viserlab.com/visermart/demo/product/loreal-paris-elvive-extraordinary-oil-in-cream-51-fl-oz.php]
[script.viserlab.com/visermart/demo/product/wow-skin-science-virgin-coconut-avocado-oil-conditioner.php]
[script.viserlab.com/visermart/demo/product/pantene-pro-v-hair-shampoo-deep-moisturizing-formula-for-dry-damaged-hair.php]
[script.viserlab.com/visermart/demo/product/super-matte-lipstick.php]
[script.viserlab.com/visermart/demo/product/charlotte-tilbury-matte-revolution-lipstick-red-carpet-red.php]
[script.viserlab.com/visermart/demo/product/nars-audacious-lipstick-cruella-1.php]
[script.viserlab.com/visermart/demo/product/nars-audacious-lipstick-cruella.php]
[script.viserlab.com/visermart/demo/product/watier-lipstick-302-golden-sand.php]
[script.viserlab.com/visermart/demo/product/mamaearth-moisture-matte-longstay-lipstick-red.php]
[script.viserlab.com/visermart/demo/product/forest-essentials-de-tan-facial-serum.php]
[script.viserlab.com/visermart/demo/product/sapeho-lash-extension-mascara.php]
[script.viserlab.com/visermart/demo/product/silkworm-eye-pen.php]
[script.viserlab.com/visermart/demo/product/pacifica-surf-lash-mascara.php]
[script.viserlab.com/visermart/demo/product/got2b-glued-brow-edge-gel-2-in-1-for-long-lasting-looks-vegan-formula.php]
[script.viserlab.com/visermart/demo/product/huda-beauty-textured-eyeshadow-palette-rose-gold.php]
[script.viserlab.com/visermart/demo/product/inglot-liquid-eyeliner-a-precision-liquid-eyeliner-for-a-smooth-defined-look.php]
[script.viserlab.com/visermart/demo/product/eyeshadow-palette-with-brush-neutral-tones.php]
[script.viserlab.com/visermart/demo/product/lr-deluxe-blush.php]
[script.viserlab.com/visermart/demo/product/dior-rosy-glow-blush-1.php]
[script.viserlab.com/visermart/demo/product/sla-paris-blush-02.php]
[script.viserlab.com/visermart/demo/product/provide-me-product-title-and-rich-description-which-can-i-show-in-my-product-details-page.php]
[script.viserlab.com/visermart/demo/product/rms-beauty-living-luminizer.php]
[script.viserlab.com/visermart/demo/product/dior-rosy-glow-blush.php]
[script.viserlab.com/visermart/demo/product/mac-powder-blush-peaches.php]
[script.viserlab.com/visermart/demo/product/hugo-boss-bottled-intense-eau-de-parfum-spray.php]
[script.viserlab.com/visermart/demo/product/lancme-miracle-eau-de-parfum-spray-for-women.php]
[script.viserlab.com/visermart/demo/product/marc-jacobs-daisy-eau-de-parfum-spray.php]
[script.viserlab.com/visermart/demo/product/gucci-by-gucci-eau-de-parfum-for-women.php]
[script.viserlab.com/visermart/demo/assets/images/product/6721fa5ac23ae1730280026.png]
[script.viserlab.com/visermart/demo/assets/images/product/thumb_6721fa5ac23ae1730280026.png]
[script.viserlab.com/visermart/demo/product/guerlain-shalimar-ode-la-vanille-eau-de-parfum-spray-for-women.php]
[script.viserlab.com/visermart/demo/assets/templates/basic/js/product_detailsab20.js]
[script.viserlab.com/visermart/demo/assets/images/product/6721fa5b6f87c1730280027.png]
[script.viserlab.com/visermart/demo/assets/images/product/thumb_6721fa5b6f87c1730280027.png]
[script.viserlab.com/visermart/demo/product/giorgio-armani-acqua-di-gio-profumo-for-men.php]
[script.viserlab.com/visermart/demo/assets/templates/basic/js/product_detailsdf9f.js]
[script.viserlab.com/visermart/demo/assets/images/product/6721fa4f9aab81730280015.png]
[script.viserlab.com/visermart/demo/assets/images/product/thumb_6721fa4f9aab81730280015.png]
[script.viserlab.com/visermart/demo/product/urtekram-roll-on-deo-crystal-rose.php]
[script.viserlab.com/visermart/demo/assets/templates/basic/js/product_details57c3.js]
[script.viserlab.com/visermart/demo/assets/images/product/6721fa4f871251730280015.png]
[script.viserlab.com/visermart/demo/assets/images/product/thumb_6721fa4f871251730280015.png]
[script.viserlab.com/visermart/demo/product/anti-perspirant-deodorant.php]
[script.viserlab.com/visermart/demo/assets/templates/basic/js/product_details7b8c.js]
[script.viserlab.com/visermart/demo/assets/images/product/6721fa4f5a7471730280015.png]
[script.viserlab.com/visermart/demo/assets/images/product/thumb_6721fa4f5a7471730280015.png]
[script.viserlab.com/visermart/demo/product/rexona-motionsense-antibacterial-deodorant-48-hour-protection.php]
[script.viserlab.com/visermart/demo/assets/templates/basic/js/product_detailsf7c6.js]
[script.viserlab.com/visermart/demo/assets/images/product/6721fa553f17b1730280021.png]
[script.viserlab.com/visermart/demo/assets/images/product/6721fa4fac7c11730280015.png]
[script.viserlab.com/visermart/demo/assets/images/product/6721fa552d6ec1730280021.png]
[script.viserlab.com/visermart/demo/assets/images/product/thumb_6721fa553f17b1730280021.png]
[script.viserlab.com/visermart/demo/assets/images/product/thumb_6721fa4fac7c11730280015.png]
[script.viserlab.com/visermart/demo/assets/images/product/thumb_6721fa552d6ec1730280021.png]
[script.viserlab.com/visermart/demo/product/enchanteur-charming-radiant-white-anti-perspirant-roll-on.php]
[script.viserlab.com/visermart/demo/assets/templates/basic/js/product_details40ee.js]
[script.viserlab.com/visermart/demo/assets/images/product/6721fa480c9761730280008.png]
[script.viserlab.com/visermart/demo/assets/images/product/thumb_6721fa480c9761730280008.png]
[script.viserlab.com/visermart/demo/product/dreamy-love-me-or-leave-me-fragrance-mist.php]
[script.viserlab.com/visermart/demo/assets/templates/basic/js/product_details85f6.js]
[script.viserlab.com/visermart/demo/assets/images/product/6721fa47eaff51730280007.png]
[script.viserlab.com/visermart/demo/assets/images/product/thumb_6721fa47eaff51730280007.png]
[script.viserlab.com/visermart/demo/product/candy-love-body-mist-summer-edition.php]
[script.viserlab.com/visermart/demo/assets/templates/basic/js/product_details966c.js]
[script.viserlab.com/visermart/demo/assets/images/product/6721fa47c7e8f1730280007.png]
[script.viserlab.com/visermart/demo/assets/images/product/thumb_6721fa47c7e8f1730280007.png]
[script.viserlab.com/visermart/demo/product/la-rive-bright-glow-body-mist.php]
[script.viserlab.com/visermart/demo/assets/images/product/6721fa47d996d1730280007.png]
[script.viserlab.com/visermart/demo/assets/images/product/6721fa481e07c1730280008.png]
[script.viserlab.com/visermart/demo/assets/images/product/thumb_6721fa47d996d1730280007.png]
[script.viserlab.com/visermart/demo/assets/images/product/thumb_6721fa481e07c1730280008.png]
[script.viserlab.com/visermart/demo/product/revuele-body-mist-pure-flower.php]
[script.viserlab.com/visermart/demo/assets/templates/basic/js/product_details2d5f.js]
[script.viserlab.com/visermart/demo/assets/images/product/6721fa29005b51730279977.png]
[script.viserlab.com/visermart/demo/assets/images/product/thumb_6721fa29005b51730279977.png]
[script.viserlab.com/visermart/demo/product/summers-eve-blissful-escape-daily-refreshing-wash.php]
[script.viserlab.com/visermart/demo/assets/templates/basic/js/product_details3c9f.js]
[script.viserlab.com/visermart/demo/assets/images/product/6721fa28d542b1730279976.png]
[script.viserlab.com/visermart/demo/assets/images/product/thumb_6721fa28d542b1730279976.png]
[script.viserlab.com/visermart/demo/product/libresse-ultra-thin-long-wings-sanitary-pads.php]
[script.viserlab.com/visermart/demo/assets/templates/basic/js/product_details6e94.js]
[script.viserlab.com/visermart/demo/assets/images/product/6721fa28bc0401730279976.png]
[script.viserlab.com/visermart/demo/assets/images/product/6721fa290fbe41730279977.png]
[script.viserlab.com/visermart/demo/assets/images/product/thumb_6721fa28bc0401730279976.png]
[script.viserlab.com/visermart/demo/assets/images/product/thumb_6721fa290fbe41730279977.png]
[script.viserlab.com/visermart/demo/product/ph-care-intimate-wash-passionate-bloom-50ml.php]
[script.viserlab.com/visermart/demo/assets/images/product/6721fa294a4811730279977.png]
[script.viserlab.com/visermart/demo/assets/images/product/thumb_6721fa294a4811730279977.png]
[script.viserlab.com/visermart/demo/product/maxi-overnight-pads-with-flexi-wings.php]
[script.viserlab.com/visermart/demo/assets/templates/basic/js/product_detailsbe6e.js]
[script.viserlab.com/visermart/demo/assets/images/product/6721fa2926d341730279977.png]
[script.viserlab.com/visermart/demo/assets/images/product/thumb_6721fa2926d341730279977.png]
[script.viserlab.com/visermart/demo/product/ultra-thin-long-super-pads-with-leakguard-protection.php]
[script.viserlab.com/visermart/demo/assets/templates/basic/js/product_detailsc0a5.js]
[script.viserlab.com/visermart/demo/assets/images/product/6721fa1ea35061730279966.png]
[script.viserlab.com/visermart/demo/assets/images/product/thumb_6721fa1ea35061730279966.png]
[script.viserlab.com/visermart/demo/product/dettol-liquid-hand-wash.php]
[script.viserlab.com/visermart/demo/assets/templates/basic/js/product_detailsab90.js]
[script.viserlab.com/visermart/demo/assets/images/product/6721fa1ebb7de1730279966.png]
[script.viserlab.com/visermart/demo/assets/images/product/thumb_6721fa1ebb7de1730279966.png]
[script.viserlab.com/visermart/demo/product/lux-soft-creamy-with-shea-moisturisers-beauty-moments-bar-soap-1.php]
[script.viserlab.com/visermart/demo/assets/templates/basic/js/product_detailsea92.js]
[script.viserlab.com/visermart/demo/assets/images/product/6721fa1eef3681730279966.png]
[script.viserlab.com/visermart/demo/assets/images/product/thumb_6721fa1eef3681730279966.png]
[script.viserlab.com/visermart/demo/product/lux-soft-creamy-with-shea-moisturisers-beauty-moments-bar-soap.php]
[script.viserlab.com/visermart/demo/assets/templates/basic/js/product_details31f8.js]
[script.viserlab.com/visermart/demo/assets/images/product/6721fa30600cd1730279984.png]
[script.viserlab.com/visermart/demo/assets/images/product/6721fa306f31d1730279984.png]
[script.viserlab.com/visermart/demo/assets/images/product/6721fa30825b71730279984.png]
[script.viserlab.com/visermart/demo/assets/images/product/6721fa3092b371730279984.png]
[script.viserlab.com/visermart/demo/assets/images/product/thumb_6721fa30600cd1730279984.png]
[script.viserlab.com/visermart/demo/assets/images/product/thumb_6721fa306f31d1730279984.png]
[script.viserlab.com/visermart/demo/assets/images/product/thumb_6721fa30825b71730279984.png]
[script.viserlab.com/visermart/demo/assets/images/product/thumb_6721fa3092b371730279984.png]
[script.viserlab.com/visermart/demo/product/oral-health-pro-mineralizer-toothpaste-1.php]
[script.viserlab.com/visermart/demo/assets/templates/basic/js/product_details49b1.js]
[script.viserlab.com/visermart/demo/assets/images/product/6721fa3048a421730279984.png]
[script.viserlab.com/visermart/demo/assets/images/product/thumb_6721fa3048a421730279984.png]
[script.viserlab.com/visermart/demo/product/oral-health-pro-mineralizer-toothpaste.php]
[script.viserlab.com/visermart/demo/assets/templates/basic/js/product_detailsacc8.js]
[script.viserlab.com/visermart/demo/assets/images/product/6721fb15ac7bb1730280213.png]
[script.viserlab.com/visermart/demo/assets/images/product/thumb_6721fb15ac7bb1730280213.png]
[script.viserlab.com/visermart/demo/product/nivea-men-protecting-shaving-cream.php]
[script.viserlab.com/visermart/demo/assets/templates/basic/js/product_details6760.js]
[script.viserlab.com/visermart/demo/assets/images/product/6721faea533241730280170.png]
[script.viserlab.com/visermart/demo/assets/images/product/thumb_6721faea533241730280170.png]
[script.viserlab.com/visermart/demo/product/uncle-jimmy-mens-hair-beard-body-wash.php]
[script.viserlab.com/visermart/demo/assets/templates/basic/js/product_details03d9.js]
[script.viserlab.com/visermart/demo/assets/images/product/6721faea4605e1730280170.png]
[script.viserlab.com/visermart/demo/assets/images/product/thumb_6721faea4605e1730280170.png]
[script.viserlab.com/visermart/demo/product/uncle-jimmy-beard-growth-oil.php]
[script.viserlab.com/visermart/demo/assets/templates/basic/js/product_detailsfe52.js]
[script.viserlab.com/visermart/demo/assets/images/product/6721faea30d1a1730280170.png]
[script.viserlab.com/visermart/demo/assets/images/product/thumb_6721faea30d1a1730280170.png]
[script.viserlab.com/visermart/demo/product/mens-beard-oil-30ml.php]
[script.viserlab.com/visermart/demo/assets/templates/basic/js/product_details8df4.js]
[script.viserlab.com/visermart/demo/assets/images/product/6721faea1af531730280170.png]
[script.viserlab.com/visermart/demo/assets/images/product/thumb_6721faea1af531730280170.png]
[script.viserlab.com/visermart/demo/product/nak-beard-elixir.php]
[script.viserlab.com/visermart/demo/assets/templates/basic/js/product_details6f5d.js]
[script.viserlab.com/visermart/demo/assets/images/product/6721fae9ebac31730280169.png]
[script.viserlab.com/visermart/demo/assets/images/product/thumb_6721fae9ebac31730280169.png]
[script.viserlab.com/visermart/demo/product/mg8-beard-cream.php]
[script.viserlab.com/visermart/demo/assets/templates/basic/js/product_detailse162.js]
[script.viserlab.com/visermart/demo/assets/images/product/6721faef311971730280175.png]
[script.viserlab.com/visermart/demo/assets/images/product/thumb_6721faef311971730280175.png]
[script.viserlab.com/visermart/demo/product/beard-guyz-beard-volumizing-cream-sandalwood.php]
[script.viserlab.com/visermart/demo/assets/templates/basic/js/product_details5d9b.js]
[script.viserlab.com/visermart/demo/assets/images/product/6721faef23c511730280175.png]
[script.viserlab.com/visermart/demo/assets/images/product/thumb_6721faef23c511730280175.png]
[script.viserlab.com/visermart/demo/product/vinc-real-beard-leave-in-cream.php]
[script.viserlab.com/visermart/demo/assets/templates/basic/js/product_details21eb.js]
[script.viserlab.com/visermart/demo/assets/images/product/6721faef515a91730280175.png]
[script.viserlab.com/visermart/demo/assets/images/product/thumb_6721faef515a91730280175.png]
[script.viserlab.com/visermart/demo/product/vojo-growth-beard-oil-repair-and-activation-for-faster-growth.php]
[script.viserlab.com/visermart/demo/assets/images/product/6721fb1588cb31730280213.png]
[script.viserlab.com/visermart/demo/assets/images/product/thumb_6721fb1588cb31730280213.png]
[script.viserlab.com/visermart/demo/product/barbasol-original-thick-rich-shaving-cream-10-oz.php]
[script.viserlab.com/visermart/demo/assets/templates/basic/js/product_details5bde.js]
[script.viserlab.com/visermart/demo/assets/images/product/6721fb1573a611730280213.png]
[script.viserlab.com/visermart/demo/assets/images/product/6721fb15a02c21730280213.png]
[script.viserlab.com/visermart/demo/assets/images/product/thumb_6721fb1573a611730280213.png]
[script.viserlab.com/visermart/demo/assets/images/product/thumb_6721fb15a02c21730280213.png]
[script.viserlab.com/visermart/demo/product/kool-shaving-cream.php]
[script.viserlab.com/visermart/demo/assets/templates/basic/js/product_details419a.js]
[script.viserlab.com/visermart/demo/assets/images/product/6721fb154d6f41730280213.png]
[script.viserlab.com/visermart/demo/assets/images/product/6721fb15643951730280213.png]
[script.viserlab.com/visermart/demo/assets/images/product/thumb_6721fb154d6f41730280213.png]
[script.viserlab.com/visermart/demo/assets/images/product/thumb_6721fb15643951730280213.png]
[script.viserlab.com/visermart/demo/product/softsheen-carson-magic-razorless-cream-shave-mild-60-oz.php]
[script.viserlab.com/visermart/demo/assets/images/product/6721faf9802291730280185.png]
[script.viserlab.com/visermart/demo/assets/images/product/thumb_6721faf9802291730280185.png]
[script.viserlab.com/visermart/demo/product/cantu-shea-butter-coconut-curling-cream.php]
[script.viserlab.com/visermart/demo/assets/templates/basic/js/product_details1a15.js]
[script.viserlab.com/visermart/demo/assets/images/product/6721faf95e6521730280185.png]
[script.viserlab.com/visermart/demo/assets/images/product/thumb_6721faf95e6521730280185.png]
[script.viserlab.com/visermart/demo/product/vatika-nourish-protect-styling-hair-cream-olive-henna-almond.php]
[script.viserlab.com/visermart/demo/assets/templates/basic/js/product_details9426.js]
[script.viserlab.com/visermart/demo/assets/images/product/6721faf949ea61730280185.png]
[script.viserlab.com/visermart/demo/assets/images/product/thumb_6721faf949ea61730280185.png]
[script.viserlab.com/visermart/demo/product/dippity-do-men-styling-cream.php]
[script.viserlab.com/visermart/demo/assets/templates/basic/js/product_detailsf059.js]
[script.viserlab.com/visermart/demo/assets/images/product/6721faf93a6c91730280185.png]
[script.viserlab.com/visermart/demo/assets/images/product/thumb_6721faf93a6c91730280185.png]
[script.viserlab.com/visermart/demo/product/mancode-daily-hair-styling-cream-argan-oil.php]
[script.viserlab.com/visermart/demo/assets/templates/basic/js/product_detailsd893.js]
[script.viserlab.com/visermart/demo/assets/images/product/6721faf9a4cd21730280185.png]
[script.viserlab.com/visermart/demo/assets/images/product/6721faf91a9161730280185.png]
[script.viserlab.com/visermart/demo/assets/images/product/thumb_6721faf9a4cd21730280185.png]
[script.viserlab.com/visermart/demo/assets/images/product/thumb_6721faf91a9161730280185.png]
[script.viserlab.com/visermart/demo/product/gatsby-treatment-hair-cream-anti-dandruff.php]
[script.viserlab.com/visermart/demo/assets/templates/basic/js/product_details2e74.js]
[script.viserlab.com/visermart/demo/assets/images/product/6721fb01353151730280193.png]
[script.viserlab.com/visermart/demo/assets/images/product/thumb_6721fb01353151730280193.png]
[script.viserlab.com/visermart/demo/product/prettys-hair-styling-cream-for-men.php]
[script.viserlab.com/visermart/demo/assets/templates/basic/js/product_details8b64.js]
[script.viserlab.com/visermart/demo/assets/images/product/6721fb014c2e71730280193.png]
[script.viserlab.com/visermart/demo/assets/images/product/thumb_6721fb014c2e71730280193.png]
[script.viserlab.com/visermart/demo/product/brylcreem-original-styling-cream-150ml.php]
[script.viserlab.com/visermart/demo/assets/templates/basic/js/product_details0e05.js]
[script.viserlab.com/visermart/demo/assets/images/product/6721fc804629f1730280576.png]
[script.viserlab.com/visermart/demo/assets/images/product/thumb_6721fc804629f1730280576.png]
[script.viserlab.com/visermart/demo/product/cosatto-tummy-time-roller-forest-friends.php]
[script.viserlab.com/visermart/demo/assets/templates/basic/js/product_detailsd83e.js]
[script.viserlab.com/visermart/demo/assets/images/product/6721fc80291661730280576.png]
[script.viserlab.com/visermart/demo/assets/images/product/thumb_6721fc80291661730280576.png]
[script.viserlab.com/visermart/demo/product/johnsons-baby-essentials-gift-set.php]
[script.viserlab.com/visermart/demo/assets/templates/basic/js/product_details29d9.js]
[script.viserlab.com/visermart/demo/assets/images/product/6721fc7ff24c41730280575.png]
[script.viserlab.com/visermart/demo/assets/images/product/thumb_6721fc7ff24c41730280575.png]
[script.viserlab.com/visermart/demo/product/ty-beanie-boo-hello-kitty.php]
[script.viserlab.com/visermart/demo/assets/templates/basic/js/product_details3771.js]
[script.viserlab.com/visermart/demo/assets/images/product/6721fc7fd80841730280575.png]
[script.viserlab.com/visermart/demo/assets/images/product/thumb_6721fc7fd80841730280575.png]
[script.viserlab.com/visermart/demo/product/ino-farm-tractor-pull-along-toy.php]
[script.viserlab.com/visermart/demo/assets/templates/basic/js/product_details64ad.js]
[script.viserlab.com/visermart/demo/assets/images/product/6721fc7fbefa81730280575.png]
[script.viserlab.com/visermart/demo/assets/images/product/thumb_6721fc7fbefa81730280575.png]
[script.viserlab.com/visermart/demo/assets/templates/basic/js/product_details2bf1.js]
[script.viserlab.com/visermart/demo/product/sport-tricycle-for-toddlers.php]
[script.viserlab.com/visermart/demo/assets/images/product/6721fc805b6581730280576.png]
[script.viserlab.com/visermart/demo/assets/images/product/thumb_6721fc805b6581730280576.png]
[script.viserlab.com/visermart/demo/product/foldable-baby-walker-with-adjustable-height.php]
[script.viserlab.com/visermart/demo/assets/templates/basic/js/product_details965c.js]
[script.viserlab.com/visermart/demo/products4658.php]
[script.viserlab.com/visermart/demo/products9ba9.php]
[script.viserlab.com/visermart/demo/productsfdb0.php]
[script.viserlab.com/visermart/demo/products2679.php]
[script.viserlab.com/visermart/demo/productsaf4d.php]
[script.viserlab.com/visermart/demo/productsc575.php]
[script.viserlab.com/visermart/demo/products235c.php]
[script.viserlab.com/visermart/demo/productsfdfa.php]
[script.viserlab.com/visermart/demo/products1c8b.php]
[script.viserlab.com/visermart/demo/products0b08.php]
[script.viserlab.com/visermart/demo/productsce37.php]
[script.viserlab.com/visermart/demo/product/cozyzip-kids-fleece-jacket.php]
[script.viserlab.com/visermart/demo/product/windows-11-pro.php]
[script.viserlab.com/visermart/demo/product/full-sleeve-casual-shirt-for-men.php]
[script.viserlab.com/visermart/demo/products1448.php]
[script.viserlab.com/visermart/demo/products8c93.php]
[script.viserlab.com/visermart/demo/products42a7.php]
[script.viserlab.com/visermart/demo/productsa7f1.php]
[script.viserlab.com/visermart/demo/products5c43.php]
[script.viserlab.com/visermart/demo/products9683.php]
[script.viserlab.com/visermart/demo/url.php]
[script.viserlab.com/visermart/demo/assets/templates/basic/css/about-us-page.css]
[script.viserlab.com/visermart/demo/assets/templates/basic/css/categories-page.css]
[script.viserlab.com/visermart/demo/products5760.php]
[pinterest.com/pin/create/button/indexb9ef.php]
[pinterest.com/pin/create/button/index9315.php]
[pinterest.com/pin/create/button/indexcb96.php]
[pinterest.com/pin/create/button/indexff74.php]
[pinterest.com/pin/create/button/index50b8.php]
[pinterest.com/pin/create/button/index09ff.php]
[pinterest.com/pin/create/button/index3711.php]
[pinterest.com/pin/create/button/indexef10.php]
[www.pinterest.com/pin/create/button/index23ac.php]
[pinterest.com/pin/create/button/indexc773.php]
[www.pinterest.com/pin/create/button/indexed04.php]
[pinterest.com/pin/create/button/index6b43.php]
[www.pinterest.com/pin/create/button/index26ef.php]
[pinterest.com/pin/create/button/index049e.php]
[www.pinterest.com/pin/create/button/indexcfd3.php]
[script.viserlab.com/visermart/demo/assets/images/product/6742f7b73b7981732442039.png]
[pinterest.com/pin/create/button/index59f8.php]
[www.pinterest.com/pin/create/button/index5a58.php]
[pinterest.com/pin/create/button/index79c4.php]
[www.pinterest.com/pin/create/button/indexf561.php]
[pinterest.com/pin/create/button/index1db9.php]
[www.pinterest.com/pin/create/button/index9ed0.php]
[pinterest.com/pin/create/button/index55ec.php]
[pinterest.com/pin/create/button/index0956.php]
[pinterest.com/pin/create/button/index57f1.php]
[www.pinterest.com/pin/create/button/index61af.php]
[pinterest.com/pin/create/button/index21d5.php]
[www.pinterest.com/pin/create/button/index3730.php]
[pinterest.com/pin/create/button/indexb0d8.php]
[pinterest.com/pin/create/button/index08d3.php]
[www.pinterest.com/pin/create/button/indexdcce.php]
[pinterest.com/pin/create/button/indexf8dd.php]
[www.pinterest.com/pin/create/button/index5c8f.php]
[pinterest.com/pin/create/button/index279a.php]
[www.pinterest.com/pin/create/button/index257a.php]
[pinterest.com/pin/create/button/indexffee.php]
[www.pinterest.com/pin/create/button/indexe5ca.php]
[pinterest.com/pin/create/button/index2ba5.php]
[www.pinterest.com/pin/create/button/indexe384.php]
[pinterest.com/pin/create/button/indexc8b3.php]
[www.pinterest.com/pin/create/button/index0c67.php]
[pinterest.com/pin/create/button/indexd44b.php]
[www.pinterest.com/pin/create/button/indexea1e.php]
[pinterest.com/pin/create/button/index466c.php]
[www.pinterest.com/pin/create/button/index3eb0.php]
[pinterest.com/pin/create/button/index7a16.php]
[www.pinterest.com/pin/create/button/index3e71.php]
[pinterest.com/pin/create/button/index067f.php]
[www.pinterest.com/pin/create/button/index805d.php]
[pinterest.com/pin/create/button/indexaac2.php]
[www.pinterest.com/pin/create/button/index6a90.php]
[pinterest.com/pin/create/button/indexcd13.php]
[www.pinterest.com/pin/create/button/indexe290.php]
[pinterest.com/pin/create/button/index4d71.php]
[www.pinterest.com/pin/create/button/index8278.php]
[pinterest.com/pin/create/button/indexc6b3.php]
[www.pinterest.com/pin/create/button/indexaa78.php]
[pinterest.com/pin/create/button/index94e5.php]
[www.pinterest.com/pin/create/button/index85fb.php]
[pinterest.com/pin/create/button/index7a43.php]
[www.pinterest.com/pin/create/button/index4144.php]
[pinterest.com/pin/create/button/index9df2.php]
[www.pinterest.com/pin/create/button/index41b2.php]
[pinterest.com/pin/create/button/index72ca.php]
[www.pinterest.com/pin/create/button/index8a7d.php]
[pinterest.com/pin/create/button/index9bd2.php]
[www.pinterest.com/pin/create/button/index4e07.php]
[pinterest.com/pin/create/button/indexb0d3.php]
[www.pinterest.com/pin/create/button/index4316.php]
[pinterest.com/pin/create/button/indexa9eb.php]
[www.pinterest.com/pin/create/button/indexdb2f.php]
[pinterest.com/pin/create/button/index4554.php]
[www.pinterest.com/pin/create/button/index6353.php]
[pinterest.com/pin/create/button/indexfbab.php]
[www.pinterest.com/pin/create/button/indexb174.php]
[pinterest.com/pin/create/button/index058a.php]
[www.pinterest.com/pin/create/button/indexd82d.php]
[pinterest.com/pin/create/button/indexc31f.php]
[www.pinterest.com/pin/create/button/index5fd7.php]
[pinterest.com/pin/create/button/index817e.php]
[www.pinterest.com/pin/create/button/indexca2a.php]
[pinterest.com/pin/create/button/index0f67.php]
[www.pinterest.com/pin/create/button/index58a1.php]
[pinterest.com/pin/create/button/index28c3.php]
[www.pinterest.com/pin/create/button/index6757.php]
[pinterest.com/pin/create/button/index1097.php]
[www.pinterest.com/pin/create/button/index0546.php]
[pinterest.com/pin/create/button/index8ca2.php]
[www.pinterest.com/pin/create/button/index4ea3.php]
[pinterest.com/pin/create/button/indexb231.php]
[www.pinterest.com/pin/create/button/indexae45.php]
[pinterest.com/pin/create/button/index27f4.php]
[www.pinterest.com/pin/create/button/index656a.php]
[pinterest.com/pin/create/button/indexc95d.php]
[www.pinterest.com/pin/create/button/index4f5e.php]
[pinterest.com/pin/create/button/index23cb.php]
[www.pinterest.com/pin/create/button/index2ad2.php]
[pinterest.com/pin/create/button/index9e2b.php]
[www.pinterest.com/pin/create/button/index97b9.php]
[pinterest.com/pin/create/button/index437b.php]
[www.pinterest.com/pin/create/button/index186b.php]
[pinterest.com/pin/create/button/index5815.php]
[www.pinterest.com/pin/create/button/indexce8f.php]
[script.viserlab.com/visermart/demo/assets/images/product/673b53d93590f1731941337.php]
[pinterest.com/pin/create/button/indexe066.php]
[www.pinterest.com/pin/create/button/indexb376.php]
[pinterest.com/pin/create/button/index8a19.php]
[www.pinterest.com/pin/create/button/indexefda.php]
[pinterest.com/pin/create/button/indexbc8f.php]
[www.pinterest.com/pin/create/button/indexa050.php]
[pinterest.com/pin/create/button/index83cb.php]
[www.pinterest.com/pin/create/button/indexacf0.php]
[pinterest.com/pin/create/button/index11aa.php]
[www.pinterest.com/pin/create/button/indexf843.php]
[www.pinterest.com/pin/create/button/index2b1d.php]
[pinterest.com/pin/create/button/index172a.php]
[pinterest.com/pin/create/button/index378b.php]
[www.pinterest.com/pin/create/button/indexba7d.php]
[pinterest.com/pin/create/button/indexc7e1.php]
[www.pinterest.com/pin/create/button/index043d.php]
[pinterest.com/pin/create/button/indexa06d.php]
[www.pinterest.com/pin/create/button/indexc253.php]
[pinterest.com/pin/create/button/indexadeb.php]
[www.pinterest.com/pin/create/button/index2164.php]
[pinterest.com/pin/create/button/index9829.php]
[www.pinterest.com/pin/create/button/indexb463.php]
[pinterest.com/pin/create/button/index0970.php]
[www.pinterest.com/pin/create/button/index2971.php]
[pinterest.com/pin/create/button/indexe717.php]
[www.pinterest.com/pin/create/button/index997f.php]
[script.viserlab.com/visermart/demo/assets/templates/basic/js/product_details0242.php]
[script.viserlab.com/visermart/demo/assets/images/product/673b4ec5a12411731940037.png]
[www.pinterest.com/pin/create/button/index6cb3.php]
[script.viserlab.com/visermart/demo/assets/images/product/673b4ec5b76f81731940037.png]
[www.pinterest.com/pin/create/button/indexd569.php]
[script.viserlab.com/visermart/demo/assets/images/product/673b4ec5e29741731940037.png]
[script.viserlab.com/visermart/demo/assets/images/product/thumb_673b4ec5619401731940037.png]
[script.viserlab.com/visermart/demo/assets/images/product/thumb_673b4ec58701c1731940037.png]
[script.viserlab.com/visermart/demo/assets/images/product/thumb_673b4ec5a12411731940037.png]
[script.viserlab.com/visermart/demo/assets/images/product/thumb_673b4ec5b76f81731940037.png]
[script.viserlab.com/visermart/demo/assets/images/product/thumb_673b4ec5cd7301731940037.png]
[script.viserlab.com/visermart/demo/assets/images/product/thumb_673b4ec5e29741731940037.png]
[script.viserlab.com/visermart/demo/assets/templates/basic/js/product_details025e.js]
[script.viserlab.com/visermart/demo/assets/templates/basic/js/product_detailsc94a.js]
[script.viserlab.com/visermart/demo/assets/templates/basic/js/product_details28eb.js]
[script.viserlab.com/visermart/demo/assets/templates/basic/js/product_details2c83.js]
[script.viserlab.com/visermart/demo/assets/templates/basic/js/product_detailsec14.js]
[script.viserlab.com/visermart/demo/assets/templates/basic/js/product_details05f2.js]
[script.viserlab.com/visermart/demo/assets/images/product/673b3f6780b0d1731936103.png]
[script.viserlab.com/visermart/demo/assets/images/product/673b3f6793c7b1731936103.png]
[script.viserlab.com/visermart/demo/assets/images/product/673b3f67c31d81731936103.png]
[script.viserlab.com/visermart/demo/assets/images/product/673b4ec5cd7301731940037.png]
[script.viserlab.com/visermart/demo/assets/images/product/thumb_673b3f6793c7b1731936103.png]
[script.viserlab.com/visermart/demo/assets/images/product/thumb_673b3f6780b0d1731936103.png]
[script.viserlab.com/visermart/demo/assets/images/product/thumb_673b3f67c31d81731936103.png]
[script.viserlab.com/visermart/demo/assets/templates/basic/js/product_detailsb38f.js]
[pinterest.com/pin/create/button/index128d.php]
[pinterest.com/pin/create/button/index209d.php]
[pinterest.com/pin/create/button/indexe96b.php]
[pinterest.com/pin/create/button/index2f76.php]
[pinterest.com/pin/create/button/index8f1b.php]
[pinterest.com/pin/create/button/index30f8.php]
[pinterest.com/pin/create/button/index4548.php]
[pinterest.com/pin/create/button/indexcfc2.php]
[pinterest.com/pin/create/button/index7328.php]
[pinterest.com/pin/create/button/index0055.php]
[pinterest.com/pin/create/button/index002a.php]
[pinterest.com/pin/create/button/indexcf90.php]
[pinterest.com/pin/create/button/indexe941.php]
[pinterest.com/pin/create/button/index703f.php]
[pinterest.com/pin/create/button/indexf026.php]
[pinterest.com/pin/create/button/index98b6.php]
[pinterest.com/pin/create/button/index2434.php]
[pinterest.com/pin/create/button/indexc245.php]
[pinterest.com/pin/create/button/indexa52a.php]
[pinterest.com/pin/create/button/index2bd0.php]
[pinterest.com/pin/create/button/indexd264.php]
[pinterest.com/pin/create/button/index06e8.php]
[pinterest.com/pin/create/button/index69a4.php]
[pinterest.com/pin/create/button/index1eaa.php]
[pinterest.com/pin/create/button/indexf0e9.php]
[pinterest.com/pin/create/button/index5d08.php]
[pinterest.com/pin/create/button/indexd1c8.php]
[pinterest.com/pin/create/button/index38fd.php]
[pinterest.com/pin/create/button/index2e36.php]
[pinterest.com/pin/create/button/index4315.php]
[pinterest.com/pin/create/button/indexe840.php]
[pinterest.com/pin/create/button/index063b.php]
[pinterest.com/pin/create/button/index24d5.php]
[pinterest.com/pin/create/button/index6404.php]
[pinterest.com/pin/create/button/indexed30.php]
[pinterest.com/pin/create/button/index3a4e.php]
[pinterest.com/pin/create/button/indexd3ab.php]
[pinterest.com/pin/create/button/index350b.php]
[pinterest.com/pin/create/button/index3a40.php]
[pinterest.com/pin/create/button/index983c.php]
[pinterest.com/pin/create/button/index12e1.php]
[pinterest.com/pin/create/button/index8ec2.php]
[pinterest.com/pin/create/button/indexeec6.php]
[pinterest.com/pin/create/button/index21af.php]
[pinterest.com/pin/create/button/indexfe59.php]
[script.viserlab.com/visermart/demo/products2679.php]
[script.viserlab.com/visermart/demo/products1c8b.php]
[script.viserlab.com/visermart/demo/productsce37.php]
[script.viserlab.com/visermart/demo/product/cozyzip-kids-fleece-jacket.php]
[script.viserlab.com/visermart/demo/product/windows-11-pro.php]
[script.viserlab.com/visermart/demo/product/full-sleeve-casual-shirt-for-men.php]
[script.viserlab.com/visermart/demo/products8c93.php]
[script.viserlab.com/visermart/demo/products42a7.php]
[script.viserlab.com/visermart/demo/productsa7f1.php]
[script.viserlab.com/visermart/demo/products5760.php]
[www.pinterest.com/pin/create/button/index26ef.php]
[www.pinterest.com/pin/create/button/indexed04.php]
[www.pinterest.com/pin/create/button/index23ac.php]
[www.pinterest.com/pin/create/button/indexcfd3.php]
[www.pinterest.com/pin/create/button/index5a58.php]
[www.pinterest.com/pin/create/button/index9ed0.php]
[www.pinterest.com/pin/create/button/indexf561.php]
[www.pinterest.com/pin/create/button/index61af.php]
[www.pinterest.com/pin/create/button/indexc6b0.php]
[www.pinterest.com/pin/create/button/index3730.php]
[www.pinterest.com/pin/create/button/index1f71.php]
[www.pinterest.com/pin/create/button/indexdcce.php]
[www.pinterest.com/pin/create/button/index5c8f.php]
[www.pinterest.com/pin/create/button/index257a.php]
[www.pinterest.com/pin/create/button/indexb117.php]
[www.pinterest.com/pin/create/button/indexe5ca.php]
[www.pinterest.com/pin/create/button/indexe384.php]
[www.pinterest.com/pin/create/button/indexea1e.php]
[www.pinterest.com/pin/create/button/index0c67.php]
[www.pinterest.com/pin/create/button/index3eb0.php]
[www.pinterest.com/pin/create/button/index3e71.php]
[www.pinterest.com/pin/create/button/index805d.php]
[www.pinterest.com/pin/create/button/index6a90.php]
[www.pinterest.com/pin/create/button/indexe290.php]
[www.pinterest.com/pin/create/button/index8278.php]
[www.pinterest.com/pin/create/button/index85fb.php]
[www.pinterest.com/pin/create/button/indexaa78.php]
[www.pinterest.com/pin/create/button/index4144.php]
[www.pinterest.com/pin/create/button/index41b2.php]
[www.pinterest.com/pin/create/button/index4e07.php]
[www.pinterest.com/pin/create/button/index8a7d.php]
[www.pinterest.com/pin/create/button/index4316.php]
[www.pinterest.com/pin/create/button/indexdb2f.php]
[www.pinterest.com/pin/create/button/index6353.php]
[www.pinterest.com/pin/create/button/indexb174.php]
[www.pinterest.com/pin/create/button/index5fd7.php]
[www.pinterest.com/pin/create/button/indexd82d.php]
[www.pinterest.com/pin/create/button/indexca2a.php]
[www.pinterest.com/pin/create/button/index58a1.php]
[www.pinterest.com/pin/create/button/index6757.php]
[www.pinterest.com/pin/create/button/index0546.php]
[www.pinterest.com/pin/create/button/index4ea3.php]
[www.pinterest.com/pin/create/button/indexae45.php]
[www.pinterest.com/pin/create/button/index656a.php]
[www.pinterest.com/pin/create/button/index4f5e.php]
[www.pinterest.com/pin/create/button/index97b9.php]
[www.pinterest.com/pin/create/button/index2ad2.php]
[www.pinterest.com/pin/create/button/index186b.php]
[www.pinterest.com/pin/create/button/indexce8f.php]
[www.pinterest.com/pin/create/button/indexb376.php]
[www.pinterest.com/pin/create/button/indexefda.php]
[www.pinterest.com/pin/create/button/indexa050.php]
[www.pinterest.com/pin/create/button/indexacf0.php]
[www.pinterest.com/pin/create/button/index2b1d.php]
[www.pinterest.com/pin/create/button/indexf843.php]
[www.pinterest.com/pin/create/button/indexba7d.php]
[www.pinterest.com/pin/create/button/index043d.php]
[www.pinterest.com/pin/create/button/indexc253.php]
[www.pinterest.com/pin/create/button/index2164.php]
[www.pinterest.com/pin/create/button/indexb463.php]
[www.pinterest.com/pin/create/button/index2971.php]
[www.pinterest.com/pin/create/button/index997f.php]
[www.pinterest.com/pin/create/button/index6cb3.php]
[www.pinterest.com/pin/create/button/indexd569.php]
[pinterest.com/pin/create/button/indexdc17.php]
[pinterest.com/pin/create/button/index151e.php]
[pinterest.com/pin/create/button/indexa309.php]
[pinterest.com/pin/create/button/index5acd.php]
[pinterest.com/pin/create/button/indexb8c7.php]
[pinterest.com/pin/create/button/indexf3f3.php]
[pinterest.com/pin/create/button/indexbb8b.php]
[pinterest.com/pin/create/button/index4b95.php]
[script.viserlab.com/visermart/demo/product/apple-watch-series-8]
[script.viserlab.com/visermart/demo/product/kids-girls-pink-quilted-zip-up-winter-jacket.php]
[www.pinterest.com/pin/create/button/index1f71.php]
[www.pinterest.com/pin/create/button/indexc6b0.php]
[www.pinterest.com/pin/create/button/ios-app_/429047995/pinterest/add_pin/_method=button&image_url=&source_url=https_/script.viserlab.com/visermart/demo/product/oversized-t-shirt-with-logo&d/thumb_673ca1c84ecce1732]
[www.pinterest.com/pin/create/button/android-app_/com.pinterest/pinterest/www.pinterest.com/pin/create/button/_media=&url=https_/script.viserlab.com/visermart/demo/product/oversized-t-shirt-/thumb_673ca1c84ecce1732]
[www.pinterest.com/pin/create/button/ios-app_/429047995/pinterest/add_pin/_method=button&image_url=&source_url=https_/script.viserlab.com/visermart/demo/product/mens-green-striped-t-shirt&de/thumb_673ca1c835beb1732]
[www.pinterest.com/pin/create/button/android-app_/com.pinterest/pinterest/www.pinterest.com/pin/create/button/_media=&url=https_/script.viserlab.com/visermart/demo/product/mens-green-striped/thumb_673ca1c835beb1732]
[www.pinterest.com/pin/create/button/ios-app_/429047995/pinterest/add_pin/_method=button&image_url=&source_url=https_/script.viserlab.com/visermart/demo/product/man-active-performance-t-shir/thumb_673c9ee7d3ed71732]
[www.pinterest.com/pin/create/button/android-app_/com.pinterest/pinterest/www.pinterest.com/pin/create/button/_media=&url=https_/script.viserlab.com/visermart/demo/product/man-active-perform/thumb_673c9ee7d3ed71732]
[www.pinterest.com/pin/create/button/indexb117.php]
[www.pinterest.com/pin/create/button/ios-app_/429047995/pinterest/add_pin/_method=button&image_url=&source_url=https_/script.viserlab.com/visermart/demo/product/mens-black-camouflage-pattern/thumb_673c9ee7e8bf61732]
[www.pinterest.com/pin/create/button/android-app_/com.pinterest/pinterest/www.pinterest.com/pin/create/button/_media=&url=https_/script.viserlab.com/visermart/demo/product/mens-black-camoufl/thumb_673c9ee7e8bf61732]
[www.pinterest.com/pin/create/button/ios-app_/429047995/pinterest/add_pin/_method=button&image_url=&source_url=https_/script.viserlab.com/visermart/demo/product/classic-gingham-shirt&descrip/thumb_6721fdea53a2c1730]
[www.pinterest.com/pin/create/button/android-app_/com.pinterest/pinterest/www.pinterest.com/pin/create/button/_media=&url=https_/script.viserlab.com/visermart/demo/product/classic-gingham-sh/thumb_6721fdea53a2c1730]
[www.pinterest.com/pin/create/button/ios-app_/429047995/pinterest/add_pin/_method=button&image_url=&source_url=https_/script.viserlab.com/visermart/demo/product/mens-full-sleeve-shirt&descri/thumb_6721fe7bf35b41730]
[www.pinterest.com/pin/create/button/android-app_/com.pinterest/pinterest/www.pinterest.com/pin/create/button/_media=&url=https_/script.viserlab.com/visermart/demo/product/mens-full-sleeve-s/thumb_6721fe7bf35b41730]
[www.pinterest.com/pin/create/button/ios-app_/429047995/pinterest/add_pin/_method=button&image_url=&source_url=https_/script.viserlab.com/visermart/demo/product/mens-full-sleeve-formal-shirt/thumb_6721fee8328d01730]
[www.pinterest.com/pin/create/button/android-app_/com.pinterest/pinterest/www.pinterest.com/pin/create/button/_media=&url=https_/script.viserlab.com/visermart/demo/product/mens-full-sleeve-f/thumb_6721fee8328d01730]
[www.pinterest.com/pin/create/button/ios-app_/429047995/pinterest/add_pin/_method=button&image_url=&source_url=https_/script.viserlab.com/visermart/demo/product/green-plaid-flannel-shirt&des/thumb_6721fe32859d71730]
[www.pinterest.com/pin/create/button/android-app_/com.pinterest/pinterest/www.pinterest.com/pin/create/button/_media=&url=https_/script.viserlab.com/visermart/demo/product/green-plaid-flanne/thumb_6721fe32859d71730]
[www.pinterest.com/pin/create/button/ios-app_/429047995/pinterest/add_pin/_method=button&image_url=&source_url=https_/script.viserlab.com/visermart/demo/product/blue-plaid-shirt&description=/thumb_6721fe32e8f2a1730]
[www.pinterest.com/pin/create/button/android-app_/com.pinterest/pinterest/www.pinterest.com/pin/create/button/_media=&url=https_/script.viserlab.com/visermart/demo/product/blue-plaid-shirt&d/thumb_6721fe32e8f2a1730]
[www.pinterest.com/pin/create/button/ios-app_/429047995/pinterest/add_pin/_method=button&image_url=&source_url=https_/script.viserlab.com/visermart/demo/product/mens-plaid-button-down-shirt&/thumb_6721fe32d31ef1730]
[www.pinterest.com/pin/create/button/android-app_/com.pinterest/pinterest/www.pinterest.com/pin/create/button/_media=&url=https_/script.viserlab.com/visermart/demo/product/mens-plaid-button-/thumb_6721fe32d31ef1730]
[www.pinterest.com/pin/create/button/ios-app_/429047995/pinterest/add_pin/_method=button&image_url=&source_url=https_/script.viserlab.com/visermart/demo/product/mens-regular-fit-button-up-sh/thumb_6721fe45918221730]
[www.pinterest.com/pin/create/button/android-app_/com.pinterest/pinterest/www.pinterest.com/pin/create/button/_media=&url=https_/script.viserlab.com/visermart/demo/product/mens-regular-fit-b/thumb_6721fe45918221730]
[www.pinterest.com/pin/create/button/ios-app_/429047995/pinterest/add_pin/_method=button&image_url=&source_url=https_/script.viserlab.com/visermart/demo/product/denim-shirt-mens-casual-butto/thumb_6721fe1ec19201730]
[www.pinterest.com/pin/create/button/android-app_/com.pinterest/pinterest/www.pinterest.com/pin/create/button/_media=&url=https_/script.viserlab.com/visermart/demo/product/denim-shirt-mens-c/thumb_6721fe1ec19201730]
[www.pinterest.com/pin/create/button/ios-app_/429047995/pinterest/add_pin/_method=button&image_url=&source_url=https_/script.viserlab.com/visermart/demo/product/mens-checkered-button-down-sh/thumb_6721fe32af0c11730]
[www.pinterest.com/pin/create/button/android-app_/com.pinterest/pinterest/www.pinterest.com/pin/create/button/_media=&url=https_/script.viserlab.com/visermart/demo/product/mens-checkered-but/thumb_6721fe32af0c11730]
[www.pinterest.com/pin/create/button/ios-app_/429047995/pinterest/add_pin/_method=button&image_url=&source_url=https_/script.viserlab.com/visermart/demo/product/blue-plaid-flannel-shirt&desc/thumb_6721fe08152611730]
[www.pinterest.com/pin/create/button/android-app_/com.pinterest/pinterest/www.pinterest.com/pin/create/button/_media=&url=https_/script.viserlab.com/visermart/demo/product/blue-plaid-flannel/thumb_6721fe08152611730]
[www.pinterest.com/pin/create/button/ios-app_/429047995/pinterest/add_pin/_method=button&image_url=&source_url=https_/script.viserlab.com/visermart/demo/product/mens-casual-plaid-button-down/thumb_6721fe1ed5a331730]
[www.pinterest.com/pin/create/button/android-app_/com.pinterest/pinterest/www.pinterest.com/pin/create/button/_media=&url=https_/script.viserlab.com/visermart/demo/product/mens-casual-plaid-/thumb_6721fe1ed5a331730]
[www.pinterest.com/pin/create/button/ios-app_/429047995/pinterest/add_pin/_method=button&image_url=&source_url=https_/script.viserlab.com/visermart/demo/product/mens-denim-shorts&description/thumb_6721fe07f37741730]
[www.pinterest.com/pin/create/button/android-app_/com.pinterest/pinterest/www.pinterest.com/pin/create/button/_media=&url=https_/script.viserlab.com/visermart/demo/product/mens-denim-shorts&/thumb_6721fe07f37741730]
[www.pinterest.com/pin/create/button/ios-app_/429047995/pinterest/add_pin/_method=button&image_url=&source_url=https_/script.viserlab.com/visermart/demo/product/black-ribbed-jogger-pants&des/thumb_6721fe0855e521730]
[www.pinterest.com/pin/create/button/android-app_/com.pinterest/pinterest/www.pinterest.com/pin/create/button/_media=&url=https_/script.viserlab.com/visermart/demo/product/black-ribbed-jogge/thumb_6721fe0855e521730]
[www.pinterest.com/pin/create/button/ios-app_/429047995/pinterest/add_pin/_method=button&image_url=&source_url=https_/script.viserlab.com/visermart/demo/product/black-denim-jeans-for-men&des/thumb_6721fe07e27521730]
[www.pinterest.com/pin/create/button/android-app_/com.pinterest/pinterest/www.pinterest.com/pin/create/button/_media=&url=https_/script.viserlab.com/visermart/demo/product/black-denim-jeans-/thumb_6721fe07e27521730]
[www.pinterest.com/pin/create/button/ios-app_/429047995/pinterest/add_pin/_method=button&image_url=&source_url=https_/script.viserlab.com/visermart/demo/product/mens-distressed-black-denim-j/thumb_6721feb55ae331730]
[www.pinterest.com/pin/create/button/android-app_/com.pinterest/pinterest/www.pinterest.com/pin/create/button/_media=&url=https_/script.viserlab.com/visermart/demo/product/mens-distressed-bl/thumb_6721feb55ae331730]
[www.pinterest.com/pin/create/button/ios-app_/429047995/pinterest/add_pin/_method=button&image_url=&source_url=https_/script.viserlab.com/visermart/demo/product/classic-blue-denim-jeans-2&de/thumb_6721feb548e9b1730]
[www.pinterest.com/pin/create/button/android-app_/com.pinterest/pinterest/www.pinterest.com/pin/create/button/_media=&url=https_/script.viserlab.com/visermart/demo/product/classic-blue-denim/thumb_6721feb548e9b1730]
[www.pinterest.com/pin/create/button/ios-app_/429047995/pinterest/add_pin/_method=button&image_url=&source_url=https_/script.viserlab.com/visermart/demo/product/classic-blue-denim-jeans&desc/thumb_6721feb52e4361730]
[www.pinterest.com/pin/create/button/android-app_/com.pinterest/pinterest/www.pinterest.com/pin/create/button/_media=&url=https_/script.viserlab.com/visermart/demo/product/classic-blue-denim/thumb_6721feb52e4361730]
[www.pinterest.com/pin/create/button/ios-app_/429047995/pinterest/add_pin/_method=button&image_url=&source_url=https_/script.viserlab.com/visermart/demo/product/mens-classic-blue-denim-jeans/thumb_6721fee81d5d71730]
[www.pinterest.com/pin/create/button/android-app_/com.pinterest/pinterest/www.pinterest.com/pin/create/button/_media=&url=https_/script.viserlab.com/visermart/demo/product/mens-classic-blue-/thumb_6721fee81d5d71730]
[www.pinterest.com/pin/create/button/ios-app_/429047995/pinterest/add_pin/_method=button&image_url=&source_url=https_/script.viserlab.com/visermart/demo/product/mens-classic-blue-denim-jeans/thumb_6721feb51b7b51730]
[www.pinterest.com/pin/create/button/android-app_/com.pinterest/pinterest/www.pinterest.com/pin/create/button/_media=&url=https_/script.viserlab.com/visermart/demo/product/mens-classic-blue-/thumb_6721feb51b7b51730]
[www.pinterest.com/pin/create/button/ios-app_/429047995/pinterest/add_pin/_method=button&image_url=&source_url=https_/script.viserlab.com/visermart/demo/product/mens-casual-blue-chino-shorts/thumb_673c284750c2b1731]
[www.pinterest.com/pin/create/button/android-app_/com.pinterest/pinterest/www.pinterest.com/pin/create/button/_media=&url=https_/script.viserlab.com/visermart/demo/product/mens-casual-blue-c/thumb_673c284750c2b1731]
[www.pinterest.com/pin/create/button/ios-app_/429047995/pinterest/add_pin/_method=button&image_url=&source_url=https_/script.viserlab.com/visermart/demo/product/distressed-denim-jeans-classi/thumb_6721feb507f681730]
[www.pinterest.com/pin/create/button/android-app_/com.pinterest/pinterest/www.pinterest.com/pin/create/button/_media=&url=https_/script.viserlab.com/visermart/demo/product/distressed-denim-j/thumb_6721feb507f681730]
[www.pinterest.com/pin/create/button/ios-app_/429047995/pinterest/add_pin/_method=button&image_url=&source_url=https_/script.viserlab.com/visermart/demo/product/mens-navy-blue-cotton-short-p/thumb_6721fee7e165d1730]
[www.pinterest.com/pin/create/button/android-app_/com.pinterest/pinterest/www.pinterest.com/pin/create/button/_media=&url=https_/script.viserlab.com/visermart/demo/product/mens-navy-blue-cot/thumb_6721fee7e165d1730]
[www.pinterest.com/pin/create/button/ios-app_/429047995/pinterest/add_pin/_method=button&image_url=&source_url=https_/script.viserlab.com/visermart/demo/product/pink-satin-bow-dress&descript/thumb_673c74417cfef1732]
[www.pinterest.com/pin/create/button/android-app_/com.pinterest/pinterest/www.pinterest.com/pin/create/button/_media=&url=https_/script.viserlab.com/visermart/demo/product/pink-satin-bow-dre/thumb_673c74417cfef1732]
[script.viserlab.com/visermart/demo/assets/images/product/673b4ec5cd7301731940037.png]
[script.viserlab.com/visermart/demo/assets/images/product/thumb_673b3f67c31d81731936103.png]
[script.viserlab.com/visermart/demo/assets/templates/basic/js/product_detailse83c.js]
[pinterest.com/pin/create/button/index684a.php]
[script.viserlab.com/visermart/demo/assets/templates/basic/js/product_details2905.js]
[script.viserlab.com/visermart/demo/assets/images/product/673b3abe251d31731934910.png]
[script.viserlab.com/visermart/demo/assets/images/product/673b3abe38d0e1731934910.png]
[script.viserlab.com/visermart/demo/assets/images/product/673b3abe4fbfb1731934910.png]
[script.viserlab.com/visermart/demo/assets/images/product/673b3abe64a621731934910.png]
[script.viserlab.com/visermart/demo/assets/images/product/673b3abe775951731934910.png]
[script.viserlab.com/visermart/demo/assets/images/product/673b3abe8becf1731934910.png]
[script.viserlab.com/visermart/demo/assets/images/product/thumb_673b3abe251d31731934910.png]
[script.viserlab.com/visermart/demo/assets/images/product/thumb_673b3abe38d0e1731934910.png]
[script.viserlab.com/visermart/demo/assets/images/product/thumb_673b3abe4fbfb1731934910.png]
[script.viserlab.com/visermart/demo/assets/images/product/thumb_673b3abe64a621731934910.png]
[script.viserlab.com/visermart/demo/assets/images/product/thumb_673b3abe775951731934910.png]
[script.viserlab.com/visermart/demo/assets/images/product/thumb_673b3abe8becf1731934910.png]
[pinterest.com/pin/create/button/index7e65.php]
[script.viserlab.com/visermart/demo/assets/templates/basic/js/product_detailsc49f.js]
[pinterest.com/pin/create/button/index1e23.php]
[script.viserlab.com/visermart/demo/assets/templates/basic/js/product_details211f.js]
[pinterest.com/pin/create/button/index94ff.php]
[script.viserlab.com/visermart/demo/assets/templates/basic/js/product_detailsa0ff.js]
[pinterest.com/pin/create/button/index09bc.php]
[script.viserlab.com/visermart/demo/assets/templates/basic/js/product_details5e4e.js]
[pinterest.com/pin/create/button/index316c.php]
[script.viserlab.com/visermart/demo/assets/templates/basic/js/product_details5279.js]
[pinterest.com/pin/create/button/index278b.php]
[script.viserlab.com/visermart/demo/assets/templates/basic/js/product_detailsd750.js]
[pinterest.com/pin/create/button/index400e.php]
[script.viserlab.com/visermart/demo/assets/templates/basic/js/product_details49ed.js]
[pinterest.com/pin/create/button/index137a.php]
[script.viserlab.com/visermart/demo/assets/templates/basic/js/product_details9aaa.js]
[pinterest.com/pin/create/button/index6e39.php]
[script.viserlab.com/visermart/demo/assets/templates/basic/js/product_details5f71.js]
[pinterest.com/pin/create/button/index7bf8.php]
[script.viserlab.com/visermart/demo/assets/templates/basic/js/product_details2c84.js]
[script.viserlab.com/visermart/demo/assets/images/product/673b3128a176a1731932456.png]
[script.viserlab.com/visermart/demo/assets/images/product/673b311c5fd841731932444.png]
[script.viserlab.com/visermart/demo/assets/images/product/673b311c7069d1731932444.png]
[script.viserlab.com/visermart/demo/assets/images/product/673b311c7dbc91731932444.png]
[script.viserlab.com/visermart/demo/assets/images/product/673b311c8b9941731932444.png]
[script.viserlab.com/visermart/demo/assets/images/product/673b311ca93af1731932444.png]
[script.viserlab.com/visermart/demo/assets/images/product/673b311cbc9501731932444.png]
[script.viserlab.com/visermart/demo/assets/images/product/thumb_673b3128a176a1731932456.png]
[script.viserlab.com/visermart/demo/assets/images/product/thumb_673b311c5fd841731932444.png]
[script.viserlab.com/visermart/demo/assets/images/product/thumb_673b311c7069d1731932444.png]
[script.viserlab.com/visermart/demo/assets/images/product/thumb_673b311c7dbc91731932444.png]
[script.viserlab.com/visermart/demo/assets/images/product/thumb_673b311c8b9941731932444.png]
[script.viserlab.com/visermart/demo/assets/images/product/thumb_673b311ca93af1731932444.png]
[script.viserlab.com/visermart/demo/assets/images/product/thumb_673b311cbc9501731932444.png]
[pinterest.com/pin/create/button/index389a.php]
[script.viserlab.com/visermart/demo/assets/templates/basic/js/product_detailsdc9b.js]
[pinterest.com/pin/create/button/indexdd90.php]
[pinterest.com/pin/create/button/index3aa1.php]
[script.viserlab.com/visermart/demo/assets/templates/basic/js/product_details02ba.js]
[pinterest.com/pin/create/button/index59e7.php]
[script.viserlab.com/visermart/demo/assets/templates/basic/js/product_detailsad3a.js]
[pinterest.com/pin/create/button/index4c9d.php]
[script.viserlab.com/visermart/demo/assets/templates/basic/js/product_details2878.js]
[pinterest.com/pin/create/button/indexf8ed.php]
[script.viserlab.com/visermart/demo/assets/templates/basic/js/product_details4c9d.js]
[pinterest.com/pin/create/button/index0c65.php]
[script.viserlab.com/visermart/demo/assets/templates/basic/js/product_details8faf.js]
[script.viserlab.com/visermart/demo/assets/images/product/673b2fb842c3a1731932088.png]
[script.viserlab.com/visermart/demo/assets/images/product/673b2fb83096d1731932088.png]
[script.viserlab.com/visermart/demo/assets/images/product/673b2fb857db01731932088.png]
[script.viserlab.com/visermart/demo/assets/images/product/thumb_673b2fb842c3a1731932088.png]
[script.viserlab.com/visermart/demo/assets/images/product/thumb_673b2fb83096d1731932088.png]
[script.viserlab.com/visermart/demo/assets/images/product/thumb_673b2fb857db01731932088.png]
[pinterest.com/pin/create/button/index2b68.php]
[script.viserlab.com/visermart/demo/assets/templates/basic/js/product_detailsf358.js]
[pinterest.com/pin/create/button/indexb567.php]
[pinterest.com/pin/create/button/index8b37.php]
[script.viserlab.com/visermart/demo/assets/templates/basic/js/product_detailse2bb.js]
[script.viserlab.com/visermart/demo/assets/images/product/673b2dce984981731931598.png]
[script.viserlab.com/visermart/demo/assets/images/product/673b2dce7dc5c1731931598.png]
[script.viserlab.com/visermart/demo/assets/images/product/673b2dceacba71731931598.png]
[script.viserlab.com/visermart/demo/assets/images/product/673b2dcec0ac21731931598.png]
[script.viserlab.com/visermart/demo/assets/images/product/thumb_673b2dce984981731931598.png]
[script.viserlab.com/visermart/demo/assets/images/product/thumb_673b2dce7dc5c1731931598.png]
[script.viserlab.com/visermart/demo/assets/images/product/thumb_673b2dceacba71731931598.png]
[script.viserlab.com/visermart/demo/assets/images/product/thumb_673b2dcec0ac21731931598.png]
[pinterest.com/pin/create/button/indexa292.php]
[script.viserlab.com/visermart/demo/assets/templates/basic/js/product_details4dba.js]
[pinterest.com/pin/create/button/index9090.php]
[script.viserlab.com/visermart/demo/assets/templates/basic/js/product_detailsd6da.js]
[pinterest.com/pin/create/button/indexc184.php]
[script.viserlab.com/visermart/demo/assets/templates/basic/js/product_details07df.js]
[pinterest.com/pin/create/button/index1d70.php]
[script.viserlab.com/visermart/demo/assets/templates/basic/js/product_details1397.js]
[script.viserlab.com/visermart/demo/assets/images/product/673b2a64cda231731930724.png]
[script.viserlab.com/visermart/demo/assets/images/product/673b2a64ee5b51731930724.png]
[script.viserlab.com/visermart/demo/assets/images/product/673b2a651923a1731930725.png]
[script.viserlab.com/visermart/demo/assets/images/product/673b2a65440831731930725.png]
[script.viserlab.com/visermart/demo/assets/images/product/673b2a6562b4a1731930725.png]
[script.viserlab.com/visermart/demo/assets/images/product/thumb_673b2a64cda231731930724.png]
[script.viserlab.com/visermart/demo/assets/images/product/thumb_673b2a64ee5b51731930724.png]
[script.viserlab.com/visermart/demo/assets/images/product/thumb_673b2a651923a1731930725.png]
[script.viserlab.com/visermart/demo/assets/images/product/thumb_673b2a65440831731930725.png]
[script.viserlab.com/visermart/demo/assets/images/product/thumb_673b2a6562b4a1731930725.png]
[pinterest.com/pin/create/button/index631b.php]
[script.viserlab.com/visermart/demo/assets/templates/basic/js/product_detailsa789.js]
[pinterest.com/pin/create/button/indexc7f2.php]
[script.viserlab.com/visermart/demo/assets/templates/basic/js/product_details7942.js]
[pinterest.com/pin/create/button/index321e.php]
[pinterest.com/pin/create/button/index52b2.php]
[script.viserlab.com/visermart/demo/assets/templates/basic/js/product_detailsa2f6.js]
[pinterest.com/pin/create/button/index7004.php]
[script.viserlab.com/visermart/demo/assets/templates/basic/js/product_detailsddcb.js]
[script.viserlab.com/visermart/demo/assets/images/product/673b119b59fba1731924379.png]
[script.viserlab.com/visermart/demo/assets/images/product/673b119b703321731924379.png]
[script.viserlab.com/visermart/demo/assets/images/product/673b119b83c5c1731924379.png]
[script.viserlab.com/visermart/demo/assets/images/product/673b119b94abe1731924379.png]
[script.viserlab.com/visermart/demo/assets/images/product/thumb_673b119b59fba1731924379.png]
[script.viserlab.com/visermart/demo/assets/images/product/thumb_673b119b703321731924379.png]
[script.viserlab.com/visermart/demo/assets/images/product/thumb_673b119b83c5c1731924379.png]
[script.viserlab.com/visermart/demo/assets/images/product/thumb_673b119b94abe1731924379.png]
[pinterest.com/pin/create/button/index8331.php]
[script.viserlab.com/visermart/demo/assets/templates/basic/js/product_detailsad1e.js]
[pinterest.com/pin/create/button/index82a3.php]
[script.viserlab.com/visermart/demo/assets/templates/basic/js/product_details829d.js]
[pinterest.com/pin/create/button/indexe7dd.php]
[script.viserlab.com/visermart/demo/assets/templates/basic/js/product_detailsba0f.js]
[pinterest.com/pin/create/button/index3355.php]
[script.viserlab.com/visermart/demo/assets/templates/basic/js/product_details5b66.js]
[script.viserlab.com/visermart/demo/assets/images/product/673b0d3c980f51731923260.png]
[script.viserlab.com/visermart/demo/assets/images/product/673b0d3374b331731923251.png]
[script.viserlab.com/visermart/demo/assets/images/product/673b0d3c7a3e11731923260.png]
[script.viserlab.com/visermart/demo/assets/images/product/673b0d3c851781731923260.png]
[script.viserlab.com/visermart/demo/assets/images/product/673b0d3c8dede1731923260.png]
[script.viserlab.com/visermart/demo/assets/images/product/thumb_673b0d3c980f51731923260.png]
[script.viserlab.com/visermart/demo/assets/images/product/thumb_673b0d3374b331731923251.png]
[script.viserlab.com/visermart/demo/assets/images/product/thumb_673b0d3c7a3e11731923260.png]
[script.viserlab.com/visermart/demo/assets/images/product/thumb_673b0d3c851781731923260.png]
[script.viserlab.com/visermart/demo/assets/images/product/thumb_673b0d3c8dede1731923260.png]
[pinterest.com/pin/create/button/indexbb90.php]
[script.viserlab.com/visermart/demo/assets/templates/basic/js/product_details86ff.js]
[pinterest.com/pin/create/button/indexe706.php]
[script.viserlab.com/visermart/demo/assets/templates/basic/js/product_details7a91.js]
[pinterest.com/pin/create/button/indexe89a.php]
[script.viserlab.com/visermart/demo/assets/templates/basic/js/product_details94b9.js]
[pinterest.com/pin/create/button/indexffc2.php]
[script.viserlab.com/visermart/demo/assets/templates/basic/js/product_details4742.js]
[pinterest.com/pin/create/button/index3cb8.php]
[script.viserlab.com/visermart/demo/assets/templates/basic/js/product_details38f2.js]
[pinterest.com/pin/create/button/index66ac.php]
[script.viserlab.com/visermart/demo/assets/templates/basic/js/product_details8375.js]
[pinterest.com/pin/create/button/index3aec.php]
[script.viserlab.com/visermart/demo/assets/templates/basic/js/product_details33d9.js]
[pinterest.com/pin/create/button/index0092.php]
[script.viserlab.com/visermart/demo/assets/templates/basic/js/product_details9032.js]
[pinterest.com/pin/create/button/index7ee8.php]
[script.viserlab.com/visermart/demo/assets/templates/basic/js/product_details4818.js]
[script.viserlab.com/visermart/demo/assets/images/product/6721fc5ea82531730280542.png]
[script.viserlab.com/visermart/demo/assets/images/product/6721fc5e363711730280542.png]
[script.viserlab.com/visermart/demo/assets/images/product/thumb_6721fc5ea82531730280542.png]
[script.viserlab.com/visermart/demo/assets/images/product/thumb_6721fc5e363711730280542.png]
[pinterest.com/pin/create/button/index6f4d.php]
[script.viserlab.com/visermart/demo/assets/templates/basic/js/product_detailsd81a.js]
[script.viserlab.com/visermart/demo/assets/images/product/6721fc5e92b401730280542.png]
[script.viserlab.com/visermart/demo/assets/images/product/6721fc5e4a2851730280542.png]
[script.viserlab.com/visermart/demo/assets/images/product/thumb_6721fc5e92b401730280542.png]
[script.viserlab.com/visermart/demo/assets/images/product/thumb_6721fc5e4a2851730280542.png]
[pinterest.com/pin/create/button/index3dbe.php]
[script.viserlab.com/visermart/demo/assets/templates/basic/js/product_details9f82.js]
[script.viserlab.com/visermart/demo/assets/images/product/6721fc66d5b391730280550.png]
[script.viserlab.com/visermart/demo/assets/images/product/thumb_6721fc66d5b391730280550.png]
[pinterest.com/pin/create/button/index3e48.php]
[script.viserlab.com/visermart/demo/assets/images/product/6721fc6706bda1730280551.png]
[script.viserlab.com/visermart/demo/assets/images/product/thumb_6721fc6706bda1730280551.png]
[pinterest.com/pin/create/button/index6a7c.php]
[script.viserlab.com/visermart/demo/assets/templates/basic/js/product_details68b5.js]
[script.viserlab.com/visermart/demo/assets/images/product/673dd867a64c81732106343.png]
[script.viserlab.com/visermart/demo/assets/images/product/thumb_673dd867a64c81732106343.png]
[pinterest.com/pin/create/button/index8cf2.php]
[script.viserlab.com/visermart/demo/assets/templates/basic/js/product_detailse50e.js]
[script.viserlab.com/visermart/demo/assets/images/product/673dcbf747c4c1732103159.png]
[script.viserlab.com/visermart/demo/assets/images/product/673dcc13e024e1732103187.png]
[script.viserlab.com/visermart/demo/assets/images/product/673dcc14021a11732103188.png]
[script.viserlab.com/visermart/demo/assets/images/product/673dcc1417e451732103188.png]
[script.viserlab.com/visermart/demo/assets/images/product/673dcc142cf8b1732103188.png]
[script.viserlab.com/visermart/demo/assets/images/product/673dcc1442d3e1732103188.png]
[script.viserlab.com/visermart/demo/assets/images/product/673dcc1454ce61732103188.png]
[script.viserlab.com/visermart/demo/assets/images/product/thumb_673dcbf747c4c1732103159.png]
[script.viserlab.com/visermart/demo/assets/images/product/thumb_673dcc13e024e1732103187.png]
[script.viserlab.com/visermart/demo/assets/images/product/thumb_673dcc14021a11732103188.png]
[script.viserlab.com/visermart/demo/assets/images/product/thumb_673dcc1417e451732103188.png]
[script.viserlab.com/visermart/demo/assets/images/product/thumb_673dcc142cf8b1732103188.png]
[script.viserlab.com/visermart/demo/assets/images/product/thumb_673dcc1442d3e1732103188.png]
[script.viserlab.com/visermart/demo/assets/images/product/thumb_673dcc1454ce61732103188.png]
[pinterest.com/pin/create/button/index3af8.php]
[script.viserlab.com/visermart/demo/assets/templates/basic/js/product_details63ab.js]
[script.viserlab.com/visermart/demo/assets/images/product/673dc1c3d955d1732100547.jpg]
[script.viserlab.com/visermart/demo/assets/images/product/673dc1c4045901732100548.jpg]
[script.viserlab.com/visermart/demo/assets/images/product/673dc1c4231ae1732100548.jpg]
[script.viserlab.com/visermart/demo/assets/images/product/thumb_673dc1c3d955d1732100547.jpg]
[script.viserlab.com/visermart/demo/assets/images/product/thumb_673dc1c4045901732100548.jpg]
[script.viserlab.com/visermart/demo/assets/images/product/thumb_673dc1c4231ae1732100548.jpg]
[pinterest.com/pin/create/button/indexd8d3.php]
[script.viserlab.com/visermart/demo/assets/templates/basic/js/product_details1570.js]
[script.viserlab.com/visermart/demo/assets/images/product/67222b83ac5941730292611.png]
[script.viserlab.com/visermart/demo/assets/images/product/thumb_67222b83ac5941730292611.png]
[pinterest.com/pin/create/button/indexdcc2.php]
[script.viserlab.com/visermart/demo/assets/templates/basic/js/product_detailsaf22.js]
[script.viserlab.com/visermart/demo/assets/images/product/67222baa47c001730292650.png]
[script.viserlab.com/visermart/demo/assets/images/product/thumb_67222baa47c001730292650.png]
[pinterest.com/pin/create/button/indexc8b9.php]
[script.viserlab.com/visermart/demo/assets/templates/basic/js/product_details62fb.js]
[script.viserlab.com/visermart/demo/assets/images/product/67222b838196e1730292611.png]
[script.viserlab.com/visermart/demo/assets/images/product/6721fc5729e7f1730280535.png]
[script.viserlab.com/visermart/demo/assets/images/product/67222b83985161730292611.png]
[script.viserlab.com/visermart/demo/assets/images/product/thumb_67222b838196e1730292611.png]
[script.viserlab.com/visermart/demo/assets/images/product/thumb_6721fc5729e7f1730280535.png]
[script.viserlab.com/visermart/demo/assets/images/product/thumb_67222b83985161730292611.png]
[pinterest.com/pin/create/button/index36ad.php]
[script.viserlab.com/visermart/demo/assets/templates/basic/js/product_details56ee.js]
[script.viserlab.com/visermart/demo/assets/images/product/674333df4e0f91732457439.png]
[script.viserlab.com/visermart/demo/assets/images/product/674333df0e0731732457439.png]
[script.viserlab.com/visermart/demo/assets/images/product/674333df347df1732457439.png]
[script.viserlab.com/visermart/demo/assets/images/product/thumb_674333df4e0f91732457439.png]
[script.viserlab.com/visermart/demo/assets/images/product/thumb_674333df0e0731732457439.png]
[script.viserlab.com/visermart/demo/assets/images/product/thumb_674333df347df1732457439.png]
[pinterest.com/pin/create/button/indexf248.php]
[script.viserlab.com/visermart/demo/assets/templates/basic/js/product_details3930.js]
[script.viserlab.com/visermart/demo/assets/images/product/67433124da4921732456740.png]
[script.viserlab.com/visermart/demo/assets/images/product/67433124c72d41732456740.png]
[script.viserlab.com/visermart/demo/assets/images/product/thumb_67433124da4921732456740.png]
[script.viserlab.com/visermart/demo/assets/images/product/thumb_67433124c72d41732456740.png]
[script.viserlab.com/visermart/demo/nothing/products]
[pinterest.com/pin/create/button/index5e4b.php]
[script.viserlab.com/visermart/demo/assets/templates/basic/js/product_detailsd291.js]
[script.viserlab.com/visermart/demo/assets/images/product/67430c27203551732447271.png]
[script.viserlab.com/visermart/demo/assets/images/product/67430c26f3f121732447270.png]
[script.viserlab.com/visermart/demo/assets/images/product/67430c273ed1c1732447271.png]
[script.viserlab.com/visermart/demo/assets/images/product/67430c275d53e1732447271.png]
[script.viserlab.com/visermart/demo/assets/images/product/thumb_67430c27203551732447271.png]
[script.viserlab.com/visermart/demo/assets/images/product/thumb_67430c26f3f121732447270.png]
[script.viserlab.com/visermart/demo/assets/images/product/thumb_67430c273ed1c1732447271.png]
[script.viserlab.com/visermart/demo/assets/images/product/thumb_67430c275d53e1732447271.png]
[script.viserlab.com/visermart/demo/motorola/products]
[pinterest.com/pin/create/button/index475a.php]
[script.viserlab.com/visermart/demo/assets/templates/basic/js/product_details1550.js]
[script.viserlab.com/visermart/demo/assets/images/product/6741efe8a0dc91732374504.png]
[script.viserlab.com/visermart/demo/assets/images/product/6741f007cf59d1732374535.png]
[script.viserlab.com/visermart/demo/assets/images/product/6741f007b69611732374535.png]
[script.viserlab.com/visermart/demo/assets/images/product/thumb_6741efe8a0dc91732374504.png]
[script.viserlab.com/visermart/demo/assets/images/product/thumb_6741f007cf59d1732374535.png]
[script.viserlab.com/visermart/demo/assets/images/product/thumb_6741f007b69611732374535.png]
[pinterest.com/pin/create/button/index05e0.php]
[script.viserlab.com/visermart/demo/assets/templates/basic/js/product_detailsbe85.js]
[script.viserlab.com/visermart/demo/assets/images/product/6741eb23666231732373283.png]
[script.viserlab.com/visermart/demo/assets/images/product/6741eb234a7741732373283.png]
[script.viserlab.com/visermart/demo/assets/images/product/6741eb159c5a41732373269.png]
[script.viserlab.com/visermart/demo/assets/images/product/thumb_6741eb23666231732373283.png]
[script.viserlab.com/visermart/demo/assets/images/product/thumb_6741eb234a7741732373283.png]
[script.viserlab.com/visermart/demo/assets/images/product/thumb_6741eb159c5a41732373269.png]
[script.viserlab.com/visermart/demo/infinix/products]
[pinterest.com/pin/create/button/index6973.php]
[script.viserlab.com/visermart/demo/assets/templates/basic/js/product_details5d71.js]
[script.viserlab.com/visermart/demo/assets/images/product/6741da78d125f1732369016.png]
[script.viserlab.com/visermart/demo/assets/images/product/6741da5f507bf1732368991.png]
[script.viserlab.com/visermart/demo/assets/images/product/thumb_6741da78d125f1732369016.png]
[script.viserlab.com/visermart/demo/assets/images/product/thumb_6741da5f507bf1732368991.png]
[pinterest.com/pin/create/button/index777b.php]
[script.viserlab.com/visermart/demo/assets/templates/basic/js/product_detailsa203.js]
[script.viserlab.com/visermart/demo/assets/images/product/673f2d4669b0e1732193606.png]
[script.viserlab.com/visermart/demo/assets/images/product/673f2d565ac9a1732193622.png]
[script.viserlab.com/visermart/demo/assets/images/product/thumb_673f2d4669b0e1732193606.png]
[script.viserlab.com/visermart/demo/assets/images/product/thumb_673f2d565ac9a1732193622.png]
[pinterest.com/pin/create/button/indexf47d.php]
[script.viserlab.com/visermart/demo/assets/images/product/673f25fbb2a1d1732191739.png]
[script.viserlab.com/visermart/demo/assets/images/product/673f26afa1afb1732191919.png]
[script.viserlab.com/visermart/demo/assets/images/product/thumb_673f25fbb2a1d1732191739.png]
[script.viserlab.com/visermart/demo/assets/images/product/thumb_673f26afa1afb1732191919.png]
[pinterest.com/pin/create/button/indexfc49.php]
[script.viserlab.com/visermart/demo/assets/templates/basic/js/product_details2697.js]
[script.viserlab.com/visermart/demo/assets/images/product/672233d863dcf1730294744.png]
[script.viserlab.com/visermart/demo/assets/images/product/thumb_672233d863dcf1730294744.png]
[pinterest.com/pin/create/button/indexf97b.php]
[script.viserlab.com/visermart/demo/assets/templates/basic/js/product_details5ff9.js]
[script.viserlab.com/visermart/demo/assets/images/product/673de69d95b851732109981.png]
[script.viserlab.com/visermart/demo/assets/images/product/673de69d378491732109981.png]
[script.viserlab.com/visermart/demo/assets/images/product/673de69d89de81732109981.png]
[script.viserlab.com/visermart/demo/assets/images/product/673de69da3ba21732109981.png]
[script.viserlab.com/visermart/demo/assets/images/product/673de69e01a501732109982.png]
[script.viserlab.com/visermart/demo/assets/images/product/thumb_673de69d95b851732109981.png]
[script.viserlab.com/visermart/demo/assets/images/product/thumb_673de69d378491732109981.png]
[script.viserlab.com/visermart/demo/assets/images/product/thumb_673de69d89de81732109981.png]
[script.viserlab.com/visermart/demo/assets/images/product/thumb_673de69da3ba21732109981.png]
[script.viserlab.com/visermart/demo/assets/images/product/thumb_673de69e01a501732109982.png]
[pinterest.com/pin/create/button/index2746.php]
[script.viserlab.com/visermart/demo/assets/templates/basic/js/product_details5931.js]
[script.viserlab.com/visermart/demo/assets/images/product/67222bd3bb9b41730292691.png]
[script.viserlab.com/visermart/demo/assets/images/product/67222bd3f29531730292691.png]
[script.viserlab.com/visermart/demo/assets/images/product/67222bd419b751730292692.png]
[script.viserlab.com/visermart/demo/assets/images/product/67222bd4395b91730292692.png]
[script.viserlab.com/visermart/demo/assets/images/product/67222be2e8ca91730292706.png]
[script.viserlab.com/visermart/demo/assets/images/product/thumb_67222bd3bb9b41730292691.png]
[script.viserlab.com/visermart/demo/assets/images/product/thumb_67222bd3f29531730292691.png]
[script.viserlab.com/visermart/demo/assets/images/product/thumb_67222bd419b751730292692.png]
[script.viserlab.com/visermart/demo/assets/images/product/thumb_67222bd4395b91730292692.png]
[script.viserlab.com/visermart/demo/assets/images/product/thumb_67222be2e8ca91730292706.png]
[pinterest.com/pin/create/button/index4ebe.php]
[script.viserlab.com/visermart/demo/assets/templates/basic/js/product_detailsea90.js]
[script.viserlab.com/visermart/demo/assets/images/product/6721fc34dd4581730280500.png]
[script.viserlab.com/visermart/demo/assets/images/product/thumb_6721fc34dd4581730280500.png]
[pinterest.com/pin/create/button/indexfa2b.php]
[script.viserlab.com/visermart/demo/assets/templates/basic/js/product_details4246.js]
[script.viserlab.com/visermart/demo/assets/images/product/6721fc34cc4261730280500.png]
[script.viserlab.com/visermart/demo/assets/images/product/thumb_6721fc34cc4261730280500.png]
[pinterest.com/pin/create/button/indexfcbe.php]
[script.viserlab.com/visermart/demo/assets/templates/basic/js/product_detailsc1eb.js]
[script.viserlab.com/visermart/demo/assets/images/product/6721fc34ba3911730280500.png]
[script.viserlab.com/visermart/demo/assets/images/product/thumb_6721fc34ba3911730280500.png]
[pinterest.com/pin/create/button/indexaf48.php]
[script.viserlab.com/visermart/demo/assets/templates/basic/js/product_details9f58.js]
[script.viserlab.com/visermart/demo/assets/images/product/6721fc34aa2ed1730280500.png]
[script.viserlab.com/visermart/demo/assets/images/product/thumb_6721fc34aa2ed1730280500.png]
[pinterest.com/pin/create/button/index5e4a.php]
[script.viserlab.com/visermart/demo/assets/templates/basic/js/product_details99e5.js]
[script.viserlab.com/visermart/demo/assets/images/product/6721fc34857861730280500.png]
[script.viserlab.com/visermart/demo/assets/images/product/thumb_6721fc34857861730280500.png]
[pinterest.com/pin/create/button/indexf4c5.php]
[script.viserlab.com/visermart/demo/assets/templates/basic/js/product_details1524.js]
[script.viserlab.com/visermart/demo/assets/images/product/6721fc35057231730280501.png]
[script.viserlab.com/visermart/demo/assets/images/product/thumb_6721fc35057231730280501.png]
[pinterest.com/pin/create/button/indexa006.php]
[script.viserlab.com/visermart/demo/assets/templates/basic/js/product_details68b9.js]
[script.viserlab.com/visermart/demo/assets/images/product/6721fc3abc79b1730280506.png]
[script.viserlab.com/visermart/demo/assets/images/product/thumb_6721fc3abc79b1730280506.png]
[pinterest.com/pin/create/button/index4b2b.php]
[script.viserlab.com/visermart/demo/assets/templates/basic/js/product_details3be2.js]
[script.viserlab.com/visermart/demo/assets/images/product/6721fc3b1ac7f1730280507.png]
[script.viserlab.com/visermart/demo/assets/images/product/thumb_6721fc3b1ac7f1730280507.png]
[pinterest.com/pin/create/button/index0fac.php]
[script.viserlab.com/visermart/demo/apple/url]
[script.viserlab.com/visermart/demo/nivea/url]
[script.viserlab.com/visermart/demo/dove/url]
[script.viserlab.com/visermart/demo/sony/url]
[script.viserlab.com/visermart/demo/canon/url]
[script.viserlab.com/visermart/demo/gucci/url]
[script.viserlab.com/visermart/demo/diesel/url]
[script.viserlab.com/visermart/demo/dolge-gabbana/url]
[script.viserlab.com/visermart/demo/samsung/url]
[script.viserlab.com/visermart/demo/nike/url]
[script.viserlab.com/visermart/demo/xiaomi/url]
[script.viserlab.com/visermart/demo/vivo/url]
[script.viserlab.com/visermart/demo/oppo/url]
[script.viserlab.com/visermart/demo/realme/url]
[script.viserlab.com/visermart/demo/google/url]
[script.viserlab.com/visermart/demo/nokia/url]
[script.viserlab.com/visermart/demo/assets/templates/basic/css/checkout-steps.css]
[script.viserlab.com/visermart/demo/assets/images/empty_cart.png]
[script.viserlab.com/visermart/demo/assets/images/empty_wishlist.png]
[script.viserlab.com/visermart/demo/policy/policy/privacy-policy]
[script.viserlab.com/visermart/demo/assets/images/frontend/auth_pages_bg/676295a0936801734514080.png]
[script.viserlab.com/visermart/demo/assets/images/frontend/register_page/660256dc91c6c1711429340.png]
[script.viserlab.com/visermart/demo/user/check-user]
[script.viserlab.com/visermart/demo/assets/images/frontend/login_page/66f7cd2b8c4621727515947.png]
[script.viserlab.com/visermart/demo/addidas/products]
[script.viserlab.com/visermart/demo/armani/products]
[script.viserlab.com/visermart/demo/casio/products]
[script.viserlab.com/visermart/demo/colgate-palmolive/products]
[script.viserlab.com/visermart/demo/dior/products]
[script.viserlab.com/visermart/demo/fendi/products]
[script.viserlab.com/visermart/demo/hm/products]
[script.viserlab.com/visermart/demo/solid/products]
[script.viserlab.com/visermart/demo/thuma/products]
[script.viserlab.com/visermart/demo/vaseline/products]
[script.viserlab.com/visermart/demo/zara/products]
[script.viserlab.com/visermart/demo/assets/images/frontend/forgot_password_page/66f7ccef688611727515887.png]
[script.viserlab.com/visermart/demo/change/hi]
[script.viserlab.com/visermart/demo/assets/images/product/6742fca51ac481732443301.png]
[script.viserlab.com/visermart/demo/assets/images/product/6742fca5327e01732443301.png]
[script.viserlab.com/visermart/demo/assets/images/product/6742fca5465891732443301.png]
[script.viserlab.com/visermart/demo/assets/images/product/6742fca559b311732443301.png]
[script.viserlab.com/visermart/demo/assets/images/product/6742fca56fe2d1732443301.png]
[script.viserlab.com/visermart/demo/assets/images/product/6742fca5806f91732443301.png]
[script.viserlab.com/visermart/demo/assets/images/product/thumb_6742fca51ac481732443301.png]
[script.viserlab.com/visermart/demo/assets/images/product/thumb_6742fca5327e01732443301.png]
[script.viserlab.com/visermart/demo/assets/images/product/thumb_6742fca5465891732443301.png]
[script.viserlab.com/visermart/demo/assets/images/product/thumb_6742fca559b311732443301.png]
[script.viserlab.com/visermart/demo/assets/images/product/thumb_6742fca56fe2d1732443301.png]
[script.viserlab.com/visermart/demo/assets/images/product/thumb_6742fca5806f91732443301.png]
[pinterest.com/pin/create/button/index685c.php]
[script.viserlab.com/visermart/demo/assets/templates/basic/js/product_details54d3.js]
[pinterest.com/pin/create/button/index806e.php]
[script.viserlab.com/visermart/demo/assets/templates/basic/js/product_detailsc622.js]
[pinterest.com/pin/create/button/indexcc2e.php]
[script.viserlab.com/visermart/demo/assets/templates/basic/js/product_details16ff.js]
[pinterest.com/pin/create/button/index81f0.php]
[script.viserlab.com/visermart/demo/assets/templates/basic/js/product_detailsad06.js]
[pinterest.com/pin/create/button/index06f4.php]
[script.viserlab.com/visermart/demo/assets/templates/basic/js/product_details0493.js]
[script.viserlab.com/visermart/demo/assets/images/product/6742f7b699b741732442038.png]
[script.viserlab.com/visermart/demo/assets/images/product/thumb_6742f7b699b741732442038.png]
[pinterest.com/pin/create/button/indexee33.php]
[script.viserlab.com/visermart/demo/assets/templates/basic/js/product_details0378.js]
[pinterest.com/pin/create/button/indexd694.php]
[pinterest.com/pin/create/button/index9d7c.php]
[script.viserlab.com/visermart/demo/assets/templates/basic/js/product_detailse467.js]
[pinterest.com/pin/create/button/indexbe08.php]
[script.viserlab.com/visermart/demo/assets/templates/basic/js/product_detailsc7d2.js]
[pinterest.com/pin/create/button/indexa449.php]
[script.viserlab.com/visermart/demo/assets/templates/basic/js/product_details6c5c.js]
[pinterest.com/pin/create/button/indexd079.php]
[script.viserlab.com/visermart/demo/assets/templates/basic/js/product_detailsc344.js]
[script.viserlab.com/visermart/demo/assets/images/product/6742f2f2c5a9c1732440818.png]
[script.viserlab.com/visermart/demo/assets/images/product/thumb_6742f2f2c5a9c1732440818.png]
[pinterest.com/pin/create/button/indexa768.php]
[script.viserlab.com/visermart/demo/assets/templates/basic/js/product_details8c10.js]
[pinterest.com/pin/create/button/indexc92a.php]
[script.viserlab.com/visermart/demo/assets/templates/basic/js/product_detailsa877.js]
[pinterest.com/pin/create/button/index1a6a.php]
[pinterest.com/pin/create/button/index7b63.php]
[script.viserlab.com/visermart/demo/assets/templates/basic/js/product_detailsb4ee.js]
[pinterest.com/pin/create/button/indexdbb0.php]
[script.viserlab.com/visermart/demo/assets/templates/basic/js/product_details0598.js]
[pinterest.com/pin/create/button/index826d.php]
[script.viserlab.com/visermart/demo/assets/templates/basic/js/product_details1cbe.js]
[pinterest.com/pin/create/button/index1a81.php]
[script.viserlab.com/visermart/demo/assets/templates/basic/js/product_details98ce.js]
[script.viserlab.com/visermart/demo/assets/images/product/673de635c43a11732109877.png]
[script.viserlab.com/visermart/demo/assets/images/product/thumb_673de635c43a11732109877.png]
[pinterest.com/pin/create/button/index6c27.php]
[script.viserlab.com/visermart/demo/assets/images/product/673de63605ddd1732109878.png]
[script.viserlab.com/visermart/demo/assets/images/product/673de635d75161732109877.png]
[script.viserlab.com/visermart/demo/assets/images/product/673de635e9c831732109877.png]
[script.viserlab.com/visermart/demo/assets/images/product/thumb_673de63605ddd1732109878.png]
[script.viserlab.com/visermart/demo/assets/images/product/thumb_673de635d75161732109877.png]
[script.viserlab.com/visermart/demo/assets/images/product/thumb_673de635e9c831732109877.png]
[pinterest.com/pin/create/button/indexf638.php]
[script.viserlab.com/visermart/demo/assets/templates/basic/js/product_details7a3e.js]
[pinterest.com/pin/create/button/index017e.php]
[script.viserlab.com/visermart/demo/assets/templates/basic/js/product_details4d60.js]
[pinterest.com/pin/create/button/indexe67b.php]
[script.viserlab.com/visermart/demo/assets/templates/basic/js/product_detailsaad4.js]
[script.viserlab.com/visermart/demo/products/fashion-apparelecc1]
[script.viserlab.com/visermart/demo/product/red-floral-printed-half-sleeve-shirt]
[script.viserlab.com/visermart/demo/product/mens-printed-casual-short-sleeve-shirt]
[script.viserlab.com/visermart/demo/product/mens-printed-short-sleeve-shirt]
[script.viserlab.com/visermart/demo/product/the-executive-slim-fit]
[script.viserlab.com/visermart/demo/products/mens-fashion84b7]
[script.viserlab.com/visermart/demo/assets/images/product/673ddd73eaa541732107635.png]
[script.viserlab.com/visermart/demo/assets/images/product/673ddd741d2911732107636.png]
[script.viserlab.com/visermart/demo/assets/images/product/673ddd744eae61732107636.png]
[script.viserlab.com/visermart/demo/assets/images/product/673ddd747607f1732107636.png]
[script.viserlab.com/visermart/demo/assets/images/product/673ddd74a11181732107636.png]
[script.viserlab.com/visermart/demo/assets/images/product/673dde1aabceb1732107802.png]
[script.viserlab.com/visermart/demo/assets/images/product/thumb_673ddd73eaa541732107635.png]
[script.viserlab.com/visermart/demo/assets/images/product/thumb_673ddd741d2911732107636.png]
[script.viserlab.com/visermart/demo/assets/images/product/thumb_673ddd744eae61732107636.png]
[script.viserlab.com/visermart/demo/assets/images/product/thumb_673ddd747607f1732107636.png]
[script.viserlab.com/visermart/demo/assets/images/product/thumb_673ddd74a11181732107636.png]
[script.viserlab.com/visermart/demo/assets/images/product/thumb_673dde1aabceb1732107802.png]
[pinterest.com/pin/create/button/index1a41.php]
[script.viserlab.com/visermart/demo/assets/templates/basic/js/product_detailsf9a1.js]
[pinterest.com/pin/create/button/indexde80.php]
[script.viserlab.com/visermart/demo/assets/templates/basic/js/product_details15a1.js]
[pinterest.com/pin/create/button/index0e92.php]
[pinterest.com/pin/create/button/index018e.php]
[script.viserlab.com/visermart/demo/assets/templates/basic/js/product_details7bc6.js]
[pinterest.com/pin/create/button/indexd55f.php]
[script.viserlab.com/visermart/demo/assets/templates/basic/js/product_details2d3d.js]
[pinterest.com/pin/create/button/index2a82.php]
[script.viserlab.com/visermart/demo/assets/templates/basic/js/product_details88da.js]
[script.viserlab.com/visermart/demo/assets/images/product/673dd32e0514d1732105006.png]
[script.viserlab.com/visermart/demo/assets/images/product/673dd32e2d73c1732105006.png]
[script.viserlab.com/visermart/demo/assets/images/product/673dd32e562a51732105006.png]
[script.viserlab.com/visermart/demo/assets/images/product/thumb_673dd32e0514d1732105006.png]
[script.viserlab.com/visermart/demo/assets/images/product/thumb_673dd32e2d73c1732105006.png]
[script.viserlab.com/visermart/demo/assets/images/product/thumb_673dd32e562a51732105006.png]
[pinterest.com/pin/create/button/indexfd79.php]
[script.viserlab.com/visermart/demo/assets/templates/basic/js/product_details09e1.js]
[pinterest.com/pin/create/button/index8587.php]
[script.viserlab.com/visermart/demo/assets/templates/basic/js/product_details2100.js]
[pinterest.com/pin/create/button/index8da5.php]
[script.viserlab.com/visermart/demo/assets/templates/basic/js/product_detailscf85.js]
[script.viserlab.com/visermart/demo/assets/images/product/673dcc396d2fa1732103225.png]
[script.viserlab.com/visermart/demo/assets/images/product/673dcc30ad4251732103216.png]
[script.viserlab.com/visermart/demo/assets/images/product/673dcc30c44a01732103216.png]
[script.viserlab.com/visermart/demo/assets/images/product/673dcc30d74b11732103216.png]
[script.viserlab.com/visermart/demo/assets/images/product/673dcc3105d721732103217.png]
[script.viserlab.com/visermart/demo/assets/images/product/673dcc312365e1732103217.png]
[script.viserlab.com/visermart/demo/assets/images/product/673dcc313a4f41732103217.png]
[script.viserlab.com/visermart/demo/assets/images/product/673dcc39875f01732103225.png]
[script.viserlab.com/visermart/demo/assets/images/product/673dcc39a28ad1732103225.png]
[script.viserlab.com/visermart/demo/assets/images/product/673dcc39c14c01732103225.png]
[script.viserlab.com/visermart/demo/assets/images/product/thumb_673dcc396d2fa1732103225.png]
[script.viserlab.com/visermart/demo/assets/images/product/thumb_673dcc30ad4251732103216.png]
[script.viserlab.com/visermart/demo/assets/images/product/thumb_673dcc30c44a01732103216.png]
[script.viserlab.com/visermart/demo/assets/images/product/thumb_673dcc30d74b11732103216.png]
[script.viserlab.com/visermart/demo/assets/images/product/thumb_673dcc3105d721732103217.png]
[script.viserlab.com/visermart/demo/assets/images/product/thumb_673dcc312365e1732103217.png]
[script.viserlab.com/visermart/demo/assets/images/product/thumb_673dcc313a4f41732103217.png]
[script.viserlab.com/visermart/demo/assets/images/product/thumb_673dcc39875f01732103225.png]
[script.viserlab.com/visermart/demo/assets/images/product/thumb_673dcc39a28ad1732103225.png]
[script.viserlab.com/visermart/demo/assets/images/product/thumb_673dcc39c14c01732103225.png]
[pinterest.com/pin/create/button/indexbe2c.php]
[script.viserlab.com/visermart/demo/assets/templates/basic/js/product_details4b8f.js]
[pinterest.com/pin/create/button/indexe08a.php]
[script.viserlab.com/visermart/demo/assets/templates/basic/js/product_detailsd5b0.js]
[pinterest.com/pin/create/button/index4235.php]
[script.viserlab.com/visermart/demo/assets/templates/basic/js/product_detailsb10a.js]
[pinterest.com/pin/create/button/indexb391.php]
[script.viserlab.com/visermart/demo/assets/templates/basic/js/product_details6b9b.js]
[pinterest.com/pin/create/button/index02aa.php]
[pinterest.com/pin/create/button/index1b9e.php]
[script.viserlab.com/visermart/demo/assets/templates/basic/js/product_detailsd55d.js]
[pinterest.com/pin/create/button/indexabe8.php]
[script.viserlab.com/visermart/demo/assets/templates/basic/js/product_detailsf8b9.js]
[pinterest.com/pin/create/button/index92ad.php]
[script.viserlab.com/visermart/demo/assets/templates/basic/js/product_details2f2c.js]
[pinterest.com/pin/create/button/index6247.php]
[script.viserlab.com/visermart/demo/assets/templates/basic/js/product_details5f5a.js]
[pinterest.com/pin/create/button/index0926.php]
[pinterest.com/pin/create/button/indexa64d.php]
[script.viserlab.com/visermart/demo/assets/templates/basic/js/product_details3e01.js]
[pinterest.com/pin/create/button/indexd3ce.php]
[script.viserlab.com/visermart/demo/assets/templates/basic/js/product_details7b21.js]
[pinterest.com/pin/create/button/index23b0.php]
[script.viserlab.com/visermart/demo/assets/templates/basic/js/product_details1e1a.js]
[script.viserlab.com/visermart/demo/assets/images/product/673dc0c9e2b501732100297.png]
[script.viserlab.com/visermart/demo/assets/images/product/673dc0ca08aa91732100298.png]
[script.viserlab.com/visermart/demo/assets/images/product/673dc0ca17a2f1732100298.png]
[script.viserlab.com/visermart/demo/assets/images/product/673dc0ca309d41732100298.png]
[script.viserlab.com/visermart/demo/assets/images/product/thumb_673dc0c9e2b501732100297.png]
[script.viserlab.com/visermart/demo/assets/images/product/thumb_673dc0ca08aa91732100298.png]
[script.viserlab.com/visermart/demo/assets/images/product/thumb_673dc0ca17a2f1732100298.png]
[script.viserlab.com/visermart/demo/assets/images/product/thumb_673dc0ca309d41732100298.png]
[pinterest.com/pin/create/button/index2635.php]
[script.viserlab.com/visermart/demo/assets/templates/basic/js/product_detailsc840.js]
[script.viserlab.com/visermart/demo/products/clothing6e96]
[script.viserlab.com/visermart/demo/assets/images/product/673c575991b8b1732007769.png]
[script.viserlab.com/visermart/demo/assets/images/product/thumb_673c575991b8b1732007769.png]
[pinterest.com/pin/create/button/index351a.php]
[script.viserlab.com/visermart/demo/assets/templates/basic/js/product_details2c08.js]
[pinterest.com/pin/create/button/indexf489.php]
[script.viserlab.com/visermart/demo/assets/templates/basic/js/product_detailsa5fd.js]
[script.viserlab.com/visermart/demo/assets/images/product/6721feb571a8a1730281141.png]
[script.viserlab.com/visermart/demo/assets/images/product/thumb_6721feb571a8a1730281141.png]
[pinterest.com/pin/create/button/indexfde4.php]
[script.viserlab.com/visermart/demo/assets/templates/basic/js/product_details1876.js]
[script.viserlab.com/visermart/demo/assets/images/product/6721fe083cc661730280968.png]
[script.viserlab.com/visermart/demo/assets/images/product/thumb_6721fe083cc661730280968.png]
[pinterest.com/pin/create/button/indexf044.php]
[script.viserlab.com/visermart/demo/assets/templates/basic/js/product_details7d91.js]
[script.viserlab.com/visermart/demo/assets/images/product/6721fdf9d30831730280953.png]
[script.viserlab.com/visermart/demo/assets/images/product/thumb_6721fdf9d30831730280953.png]
[pinterest.com/pin/create/button/indexb763.php]
[script.viserlab.com/visermart/demo/assets/templates/basic/js/product_detailsab5c.js]
[script.viserlab.com/visermart/demo/assets/images/product/6721fdf9c325e1730280953.png]
[script.viserlab.com/visermart/demo/assets/images/product/thumb_6721fdf9c325e1730280953.png]
[pinterest.com/pin/create/button/indexfe47.php]
[script.viserlab.com/visermart/demo/assets/templates/basic/js/product_details2a20.js]
[pinterest.com/pin/create/button/index25fe.php]
[script.viserlab.com/visermart/demo/assets/templates/basic/js/product_details003b.js]
[pinterest.com/pin/create/button/index905e.php]
[script.viserlab.com/visermart/demo/assets/templates/basic/js/product_detailsaadf.js]
[pinterest.com/pin/create/button/index48f7.php]
[script.viserlab.com/visermart/demo/assets/templates/basic/js/product_details650d.js]
[pinterest.com/pin/create/button/index1056.php]
[script.viserlab.com/visermart/demo/assets/templates/basic/js/product_details1dc6.js]
[pinterest.com/pin/create/button/index8433.php]
[script.viserlab.com/visermart/demo/assets/templates/basic/js/product_detailsee34.js]
[pinterest.com/pin/create/button/indexd9c0.php]
[script.viserlab.com/visermart/demo/assets/templates/basic/js/product_detailsa916.js]
[pinterest.com/pin/create/button/indexc9aa.php]
[script.viserlab.com/visermart/demo/assets/templates/basic/js/product_detailscc50.js]
[script.viserlab.com/visermart/demo/assets/images/product/673c83e2c84a21732019170.png]
[script.viserlab.com/visermart/demo/assets/images/product/673c83e25a9691732019170.png]
[script.viserlab.com/visermart/demo/assets/images/product/673c83e284e3b1732019170.png]
[script.viserlab.com/visermart/demo/assets/images/product/673c83e2a84a01732019170.png]
[script.viserlab.com/visermart/demo/assets/images/product/673c83e2e07b71732019170.png]
[script.viserlab.com/visermart/demo/assets/images/product/673c83e3097231732019171.png]
[script.viserlab.com/visermart/demo/assets/images/product/673c83e70b4741732019175.png]
[script.viserlab.com/visermart/demo/assets/images/product/673c83e730f751732019175.png]
[script.viserlab.com/visermart/demo/assets/images/product/673c83e74c66b1732019175.png]
[script.viserlab.com/visermart/demo/assets/images/product/thumb_673c83e2c84a21732019170.png]
[script.viserlab.com/visermart/demo/assets/images/product/thumb_673c83e25a9691732019170.png]
[script.viserlab.com/visermart/demo/assets/images/product/thumb_673c83e284e3b1732019170.png]
[script.viserlab.com/visermart/demo/assets/images/product/thumb_673c83e2a84a01732019170.png]
[script.viserlab.com/visermart/demo/assets/images/product/thumb_673c83e2e07b71732019170.png]
[script.viserlab.com/visermart/demo/assets/images/product/thumb_673c83e3097231732019171.png]
[script.viserlab.com/visermart/demo/assets/images/product/thumb_673c83e70b4741732019175.png]
[script.viserlab.com/visermart/demo/assets/images/product/thumb_673c83e730f751732019175.png]
[script.viserlab.com/visermart/demo/assets/images/product/thumb_673c83e74c66b1732019175.png]
[pinterest.com/pin/create/button/indexca29.php]
[script.viserlab.com/visermart/demo/assets/templates/basic/js/product_details31d5.js]
[pinterest.com/pin/create/button/index9da8.php]
[script.viserlab.com/visermart/demo/assets/templates/basic/js/product_details3092.js]
[pinterest.com/pin/create/button/indexc10d.php]
[script.viserlab.com/visermart/demo/assets/templates/basic/js/product_details809c.js]
[pinterest.com/pin/create/button/index0b26.php]
[script.viserlab.com/visermart/demo/assets/templates/basic/js/product_details7afb.js]
[pinterest.com/pin/create/button/index4eba.php]
[pinterest.com/pin/create/button/index431f.php]
[script.viserlab.com/visermart/demo/assets/templates/basic/js/product_detailseea9.js]
[script.viserlab.com/visermart/demo/products/womens-fashionc215]
[script.viserlab.com/visermart/demo/assets/images/product/673c9b90ebeaa1732025232.png]
[script.viserlab.com/visermart/demo/assets/images/product/thumb_673c9b90ebeaa1732025232.png]
[pinterest.com/pin/create/button/indexe477.php]
[script.viserlab.com/visermart/demo/assets/templates/basic/js/product_details703b.js]
[script.viserlab.com/visermart/demo/assets/images/product/673c9b914e3611732025233.png]
[script.viserlab.com/visermart/demo/assets/images/product/673c9b90c92301732025232.png]
[script.viserlab.com/visermart/demo/assets/images/product/673c9b9114a6f1732025233.png]
[script.viserlab.com/visermart/demo/assets/images/product/673c9b912fce11732025233.png]
[script.viserlab.com/visermart/demo/assets/images/product/thumb_673c9b914e3611732025233.png]
[script.viserlab.com/visermart/demo/assets/images/product/thumb_673c9b90c92301732025232.png]
[script.viserlab.com/visermart/demo/assets/images/product/thumb_673c9b9114a6f1732025233.png]
[script.viserlab.com/visermart/demo/assets/images/product/thumb_673c9b912fce11732025233.png]
[pinterest.com/pin/create/button/index8ec4.php]
[script.viserlab.com/visermart/demo/assets/templates/basic/js/product_detailsb142.js]
[pinterest.com/pin/create/button/index7fcc.php]
[script.viserlab.com/visermart/demo/assets/templates/basic/js/product_details2db5.js]
[pinterest.com/pin/create/button/index6939.php]
[script.viserlab.com/visermart/demo/assets/templates/basic/js/product_details649a.js]
[pinterest.com/pin/create/button/indexb98d.php]
[script.viserlab.com/visermart/demo/assets/templates/basic/js/product_detailse65d.js]
[script.viserlab.com/visermart/demo/assets/images/product/673c9096db81d1732022422.png]
[script.viserlab.com/visermart/demo/assets/images/product/673c909702eef1732022423.png]
[script.viserlab.com/visermart/demo/assets/images/product/673c90971eb171732022423.png]
[script.viserlab.com/visermart/demo/assets/images/product/673c90973a38c1732022423.png]
[script.viserlab.com/visermart/demo/assets/images/product/thumb_673c9096db81d1732022422.png]
[script.viserlab.com/visermart/demo/assets/images/product/thumb_673c909702eef1732022423.png]
[script.viserlab.com/visermart/demo/assets/images/product/thumb_673c90971eb171732022423.png]
[script.viserlab.com/visermart/demo/assets/images/product/thumb_673c90973a38c1732022423.png]
[pinterest.com/pin/create/button/index7a5f.php]
[script.viserlab.com/visermart/demo/assets/templates/basic/js/product_details4581.js]
[pinterest.com/pin/create/button/index9bd0.php]
[script.viserlab.com/visermart/demo/assets/templates/basic/js/product_details633f.js]
[pinterest.com/pin/create/button/index2169.php]
[script.viserlab.com/visermart/demo/assets/templates/basic/js/product_detailsc5bd.js]
[pinterest.com/pin/create/button/index1fe1.php]
[script.viserlab.com/visermart/demo/assets/templates/basic/js/product_details10ff.js]
[script.viserlab.com/visermart/demo/assets/images/product/673c8ea98694a1732021929.png]
[script.viserlab.com/visermart/demo/assets/images/product/673c8ea99fa761732021929.png]
[script.viserlab.com/visermart/demo/assets/images/product/673c8ea9b3eed1732021929.png]
[script.viserlab.com/visermart/demo/assets/images/product/673c8ea9cb1671732021929.png]
[script.viserlab.com/visermart/demo/assets/images/product/673c8ea9e0afc1732021929.png]
[script.viserlab.com/visermart/demo/assets/images/product/thumb_673c8ea98694a1732021929.png]
[script.viserlab.com/visermart/demo/assets/images/product/thumb_673c8ea99fa761732021929.png]
[script.viserlab.com/visermart/demo/assets/images/product/thumb_673c8ea9b3eed1732021929.png]
[script.viserlab.com/visermart/demo/assets/images/product/thumb_673c8ea9cb1671732021929.png]
[script.viserlab.com/visermart/demo/assets/images/product/thumb_673c8ea9e0afc1732021929.png]
[pinterest.com/pin/create/button/index8a44.php]
[script.viserlab.com/visermart/demo/assets/templates/basic/js/product_details03d0.js]
[pinterest.com/pin/create/button/indexd8b5.php]
[script.viserlab.com/visermart/demo/assets/templates/basic/js/product_detailsbc16.js]
[pinterest.com/pin/create/button/index32eb.php]
[script.viserlab.com/visermart/demo/assets/templates/basic/js/product_detailse259.js]
[pinterest.com/pin/create/button/indexfec5.php]
[script.viserlab.com/visermart/demo/assets/templates/basic/js/product_detailsa085.js]
[pinterest.com/pin/create/button/index344e.php]
[script.viserlab.com/visermart/demo/assets/templates/basic/js/product_details0a9e.js]
[script.viserlab.com/visermart/demo/assets/images/product/673c8c8786d851732021383.png]
[script.viserlab.com/visermart/demo/assets/images/product/673c8c87a2a0d1732021383.png]
[script.viserlab.com/visermart/demo/assets/images/product/673c8c87be0b91732021383.png]
[script.viserlab.com/visermart/demo/assets/images/product/673c8c87d14981732021383.png]
[script.viserlab.com/visermart/demo/assets/images/product/673c8c87e94c51732021383.png]
[script.viserlab.com/visermart/demo/assets/images/product/thumb_673c8c8786d851732021383.png]
[script.viserlab.com/visermart/demo/assets/images/product/thumb_673c8c87a2a0d1732021383.png]
[script.viserlab.com/visermart/demo/assets/images/product/thumb_673c8c87be0b91732021383.png]
[script.viserlab.com/visermart/demo/assets/images/product/thumb_673c8c87d14981732021383.png]
[script.viserlab.com/visermart/demo/assets/images/product/thumb_673c8c87e94c51732021383.png]
[pinterest.com/pin/create/button/indexe6a1.php]
[script.viserlab.com/visermart/demo/assets/templates/basic/js/product_detailsda8c.js]
[pinterest.com/pin/create/button/indexc9b9.php]
[script.viserlab.com/visermart/demo/assets/templates/basic/js/product_details3ed0.js]
[pinterest.com/pin/create/button/indexb473.php]
[script.viserlab.com/visermart/demo/assets/templates/basic/js/product_details44dd.js]
[pinterest.com/pin/create/button/index0837.php]
[script.viserlab.com/visermart/demo/assets/templates/basic/js/product_details2350.js]
[pinterest.com/pin/create/button/index0fd0.php]
[script.viserlab.com/visermart/demo/assets/templates/basic/js/product_details943e.js]
[script.viserlab.com/visermart/demo/assets/images/product/673c896010a741732020576.png]
[script.viserlab.com/visermart/demo/assets/images/product/673c895fb65581732020575.png]
[script.viserlab.com/visermart/demo/assets/images/product/673c895fd1fbe1732020575.png]
[script.viserlab.com/visermart/demo/assets/images/product/673c895fe84371732020575.png]
[script.viserlab.com/visermart/demo/assets/images/product/673c896031e7f1732020576.png]
[script.viserlab.com/visermart/demo/assets/images/product/673c896042c7e1732020576.png]
[script.viserlab.com/visermart/demo/assets/images/product/673c8963e43c01732020579.png]
[script.viserlab.com/visermart/demo/assets/images/product/thumb_673c896010a741732020576.png]
[script.viserlab.com/visermart/demo/assets/images/product/thumb_673c895fb65581732020575.png]
[script.viserlab.com/visermart/demo/assets/images/product/thumb_673c895fd1fbe1732020575.png]
[script.viserlab.com/visermart/demo/assets/images/product/thumb_673c895fe84371732020575.png]
[script.viserlab.com/visermart/demo/assets/images/product/thumb_673c896031e7f1732020576.png]
[script.viserlab.com/visermart/demo/assets/images/product/thumb_673c896042c7e1732020576.png]
[script.viserlab.com/visermart/demo/assets/images/product/thumb_673c8963e43c01732020579.png]
[pinterest.com/pin/create/button/index3e84.php]
[script.viserlab.com/visermart/demo/assets/templates/basic/js/product_detailsd46e.js]
[pinterest.com/pin/create/button/indexa294.php]
[script.viserlab.com/visermart/demo/assets/templates/basic/js/product_details7026.js]
[pinterest.com/pin/create/button/indexea3c.php]
[script.viserlab.com/visermart/demo/assets/templates/basic/js/product_details43e0.js]
[pinterest.com/pin/create/button/index86ae.php]
[script.viserlab.com/visermart/demo/assets/templates/basic/js/product_detailsacb5.js]
[script.viserlab.com/visermart/demo/products/kids-fashion5290]
[pinterest.com/pin/create/button/indexe859.php]
[script.viserlab.com/visermart/demo/assets/templates/basic/js/product_details11fb.js]
[pinterest.com/pin/create/button/indexc557.php]
[script.viserlab.com/visermart/demo/assets/templates/basic/js/product_details276a.js]
[pinterest.com/pin/create/button/index31ee.php]
[script.viserlab.com/visermart/demo/assets/templates/basic/js/product_details3c5d.js]
[pinterest.com/pin/create/button/indexe66f.php]
[script.viserlab.com/visermart/demo/assets/templates/basic/js/product_details2210.js]
[pinterest.com/pin/create/button/indexcefc.php]
[script.viserlab.com/visermart/demo/assets/templates/basic/js/product_details9c9c.js]
[pinterest.com/pin/create/button/index2cf7.php]
[script.viserlab.com/visermart/demo/assets/templates/basic/js/product_details6452.js]
[pinterest.com/pin/create/button/indexef98.php]
[script.viserlab.com/visermart/demo/assets/templates/basic/js/product_detailsed7e.js]
[pinterest.com/pin/create/button/index6d8c.php]
[script.viserlab.com/visermart/demo/assets/templates/basic/js/product_details3b3b.js]
[pinterest.com/pin/create/button/indexe055.php]
[script.viserlab.com/visermart/demo/assets/templates/basic/js/product_details74ca.js]
[pinterest.com/pin/create/button/index5baf.php]
[script.viserlab.com/visermart/demo/assets/templates/basic/js/product_details0e60.js]
[script.viserlab.com/visermart/demo/assets/images/product/673dc5d2b572d1732101586.png]
[script.viserlab.com/visermart/demo/assets/images/product/673dc5d2cb2031732101586.png]
[script.viserlab.com/visermart/demo/assets/images/product/673dc5d2e07c31732101586.png]
[script.viserlab.com/visermart/demo/assets/images/product/673dc5d2efb831732101586.png]
[script.viserlab.com/visermart/demo/assets/images/product/thumb_673dc5d2b572d1732101586.png]
[script.viserlab.com/visermart/demo/assets/images/product/thumb_673dc5d2cb2031732101586.png]
[script.viserlab.com/visermart/demo/assets/images/product/thumb_673dc5d2e07c31732101586.png]
[script.viserlab.com/visermart/demo/assets/images/product/thumb_673dc5d2efb831732101586.png]
[pinterest.com/pin/create/button/index2807.php]
[script.viserlab.com/visermart/demo/assets/templates/basic/js/product_details6d4b.js]
[pinterest.com/pin/create/button/index38d5.php]
[script.viserlab.com/visermart/demo/assets/templates/basic/js/product_detailsfe88.js]
[pinterest.com/pin/create/button/indexe062.php]
[script.viserlab.com/visermart/demo/assets/templates/basic/js/product_details913b.js]
[pinterest.com/pin/create/button/index8513.php]
[script.viserlab.com/visermart/demo/assets/templates/basic/js/product_details2fee.js]
[script.viserlab.com/visermart/demo/assets/images/product/673dae8f27c5d1732095631.png]
[script.viserlab.com/visermart/demo/assets/images/product/673dae8f3a4eb1732095631.png]
[script.viserlab.com/visermart/demo/assets/images/product/673dae8f51d981732095631.png]
[script.viserlab.com/visermart/demo/assets/images/product/673dae8f6a7f11732095631.png]
[script.viserlab.com/visermart/demo/assets/images/product/673dae8f7c3271732095631.png]
[script.viserlab.com/visermart/demo/assets/images/product/thumb_673dae8f27c5d1732095631.png]
[script.viserlab.com/visermart/demo/assets/images/product/thumb_673dae8f3a4eb1732095631.png]
[script.viserlab.com/visermart/demo/assets/images/product/thumb_673dae8f51d981732095631.png]
[script.viserlab.com/visermart/demo/assets/images/product/thumb_673dae8f6a7f11732095631.png]
[script.viserlab.com/visermart/demo/assets/images/product/thumb_673dae8f7c3271732095631.png]
[pinterest.com/pin/create/button/index9465.php]
[script.viserlab.com/visermart/demo/assets/templates/basic/js/product_detailsac41.js]
[pinterest.com/pin/create/button/index15eb.php]
[script.viserlab.com/visermart/demo/assets/templates/basic/js/product_detailsb4a8.js]
[pinterest.com/pin/create/button/index557a.php]
[pinterest.com/pin/create/button/index9db5.php]
[script.viserlab.com/visermart/demo/assets/templates/basic/js/product_details2bd7.js]
[pinterest.com/pin/create/button/index5563.php]
[script.viserlab.com/visermart/demo/assets/templates/basic/js/product_details9468.js]
[script.viserlab.com/visermart/demo/assets/images/product/6721fc4909e261730280521.png]
[script.viserlab.com/visermart/demo/assets/images/product/thumb_6721fc4909e261730280521.png]
[pinterest.com/pin/create/button/index3751.php]
[script.viserlab.com/visermart/demo/assets/templates/basic/js/product_details91e1.js]
[script.viserlab.com/visermart/demo/assets/images/product/6721fc4893c121730280520.png]
[script.viserlab.com/visermart/demo/assets/images/product/thumb_6721fc4893c121730280520.png]
[pinterest.com/pin/create/button/index532a.php]
[script.viserlab.com/visermart/demo/assets/templates/basic/js/product_detailsb6c5.js]
[script.viserlab.com/visermart/demo/assets/images/product/6721fc4879a341730280520.png]
[script.viserlab.com/visermart/demo/assets/images/product/thumb_6721fc4879a341730280520.png]
[pinterest.com/pin/create/button/indexec41.php]
[script.viserlab.com/visermart/demo/assets/templates/basic/js/product_details1548.js]
[script.viserlab.com/visermart/demo/assets/images/product/6721fc49268b91730280521.png]
[script.viserlab.com/visermart/demo/assets/images/product/thumb_6721fc49268b91730280521.png]
[pinterest.com/pin/create/button/index53d1.php]
[script.viserlab.com/visermart/demo/assets/templates/basic/js/product_detailsfae8.js]
[script.viserlab.com/visermart/demo/assets/images/product/6721fc4e2e9331730280526.png]
[script.viserlab.com/visermart/demo/assets/images/product/thumb_6721fc4e2e9331730280526.png]
[pinterest.com/pin/create/button/index70fe.php]
[script.viserlab.com/visermart/demo/assets/templates/basic/js/product_detailsa07f.js]
[script.viserlab.com/visermart/demo/assets/images/product/6721fc48b803e1730280520.png]
[script.viserlab.com/visermart/demo/assets/images/product/6721fc4e1570b1730280526.png]
[script.viserlab.com/visermart/demo/assets/images/product/thumb_6721fc48b803e1730280520.png]
[script.viserlab.com/visermart/demo/assets/images/product/thumb_6721fc4e1570b1730280526.png]
[pinterest.com/pin/create/button/indexe70d.php]
[script.viserlab.com/visermart/demo/assets/templates/basic/js/product_details4788.js]
[script.viserlab.com/visermart/demo/assets/images/product/6721fc48d3bce1730280520.png]
[script.viserlab.com/visermart/demo/assets/images/product/thumb_6721fc48d3bce1730280520.png]
[pinterest.com/pin/create/button/indexa916.php]
[script.viserlab.com/visermart/demo/assets/images/product/6721fc3adda321730280506.png]
[script.viserlab.com/visermart/demo/assets/images/product/thumb_6721fc3adda321730280506.png]
[pinterest.com/pin/create/button/indexce01.php]
[script.viserlab.com/visermart/demo/assets/templates/basic/js/product_details6832.js]
[script.viserlab.com/visermart/demo/assets/images/product/6721fc3a9481b1730280506.png]
[script.viserlab.com/visermart/demo/assets/images/product/thumb_6721fc3a9481b1730280506.png]
[pinterest.com/pin/create/button/index8a39.php]
[script.viserlab.com/visermart/demo/assets/templates/basic/js/product_detailsfac5.js]
[script.viserlab.com/visermart/demo/assets/images/product/6721fc6e911301730280558.png]
[script.viserlab.com/visermart/demo/assets/images/product/thumb_6721fc6e911301730280558.png]
[pinterest.com/pin/create/button/indexaa82.php]
[script.viserlab.com/visermart/demo/assets/templates/basic/js/product_details69b9.js]
[script.viserlab.com/visermart/demo/assets/images/product/6721fc6e7711e1730280558.png]
[script.viserlab.com/visermart/demo/assets/images/product/thumb_6721fc6e7711e1730280558.png]
[pinterest.com/pin/create/button/index778f.php]
[script.viserlab.com/visermart/demo/assets/templates/basic/js/product_details555a.js]
[script.viserlab.com/visermart/demo/assets/images/product/6721fc6e507781730280558.png]
[script.viserlab.com/visermart/demo/assets/images/product/thumb_6721fc6e507781730280558.png]
[pinterest.com/pin/create/button/indexca56.php]
[script.viserlab.com/visermart/demo/assets/templates/basic/js/product_detailsc819.js]
[script.viserlab.com/visermart/demo/assets/images/product/6721fc6e36c0a1730280558.png]
[script.viserlab.com/visermart/demo/assets/images/product/thumb_6721fc6e36c0a1730280558.png]
[pinterest.com/pin/create/button/indexb49f.php]
[script.viserlab.com/visermart/demo/assets/templates/basic/js/product_details487e.js]
[script.viserlab.com/visermart/demo/assets/images/product/6721fc6e283a51730280558.png]
[script.viserlab.com/visermart/demo/assets/images/product/thumb_6721fc6e283a51730280558.png]
[pinterest.com/pin/create/button/indexb1dd.php]
[script.viserlab.com/visermart/demo/assets/images/product/6721fc6e10ab61730280558.png]
[script.viserlab.com/visermart/demo/assets/images/product/thumb_6721fc6e10ab61730280558.png]
[pinterest.com/pin/create/button/index0c10.php]
[script.viserlab.com/visermart/demo/assets/templates/basic/js/product_details7667.js]
[script.viserlab.com/visermart/demo/assets/images/product/6721fc74357c01730280564.png]
[script.viserlab.com/visermart/demo/assets/images/product/thumb_6721fc74357c01730280564.png]
[pinterest.com/pin/create/button/indexbf05.php]
[script.viserlab.com/visermart/demo/assets/templates/basic/js/product_details2c3f.js]
[script.viserlab.com/visermart/demo/assets/images/product/6721fc740fbc81730280564.png]
[script.viserlab.com/visermart/demo/assets/images/product/thumb_6721fc740fbc81730280564.png]
[pinterest.com/pin/create/button/index789f.php]
[script.viserlab.com/visermart/demo/assets/templates/basic/js/product_details2aee.js]
[script.viserlab.com/visermart/demo/assets/images/product/6721fc73ee9a51730280563.png]
[script.viserlab.com/visermart/demo/assets/images/product/thumb_6721fc73ee9a51730280563.png]
[pinterest.com/pin/create/button/index6a0d.php]
[script.viserlab.com/visermart/demo/assets/templates/basic/js/product_detailsdf16.js]
[script.viserlab.com/visermart/demo/assets/images/product/6721fc73cf3281730280563.png]
[script.viserlab.com/visermart/demo/assets/images/product/thumb_6721fc73cf3281730280563.png]
[pinterest.com/pin/create/button/index0ac1.php]
[script.viserlab.com/visermart/demo/assets/templates/basic/js/product_details0cd1.js]
[script.viserlab.com/visermart/demo/assets/images/product/6721fc73abf5b1730280563.png]
[script.viserlab.com/visermart/demo/assets/images/product/thumb_6721fc73abf5b1730280563.png]
[pinterest.com/pin/create/button/indexeafe.php]
[script.viserlab.com/visermart/demo/assets/templates/basic/js/product_details2177.js]
[script.viserlab.com/visermart/demo/assets/images/product/6721fc78eda491730280568.png]
[script.viserlab.com/visermart/demo/assets/images/product/thumb_6721fc78eda491730280568.png]
[pinterest.com/pin/create/button/index71af.php]
[script.viserlab.com/visermart/demo/assets/templates/basic/js/product_details650a.js]
[script.viserlab.com/visermart/demo/assets/images/product/6721fc79560e91730280569.png]
[script.viserlab.com/visermart/demo/assets/images/product/thumb_6721fc79560e91730280569.png]
[pinterest.com/pin/create/button/indexecb1.php]
[script.viserlab.com/visermart/demo/assets/templates/basic/js/product_details8ec9.js]
[script.viserlab.com/visermart/demo/assets/images/product/6721f9040413e1730279684.png]
[script.viserlab.com/visermart/demo/assets/images/product/thumb_6721f9040413e1730279684.png]
[pinterest.com/pin/create/button/index1f18.php]
[script.viserlab.com/visermart/demo/assets/templates/basic/js/product_details9936.js]
[script.viserlab.com/visermart/demo/assets/images/product/6721f903e48851730279683.png]
[script.viserlab.com/visermart/demo/assets/images/product/thumb_6721f903e48851730279683.png]
[pinterest.com/pin/create/button/index73f2.php]
[script.viserlab.com/visermart/demo/assets/templates/basic/js/product_details2951.js]
[script.viserlab.com/visermart/demo/assets/images/product/6721f903af5df1730279683.png]
[script.viserlab.com/visermart/demo/assets/images/product/thumb_6721f903af5df1730279683.png]
[pinterest.com/pin/create/button/index3ce7.php]
[script.viserlab.com/visermart/demo/assets/templates/basic/js/product_details0d73.js]
[script.viserlab.com/visermart/demo/assets/images/product/6721f903966321730279683.png]
[script.viserlab.com/visermart/demo/assets/images/product/thumb_6721f903966321730279683.png]
[pinterest.com/pin/create/button/index6a1c.php]
[script.viserlab.com/visermart/demo/assets/templates/basic/js/product_details85bf.js]
[script.viserlab.com/visermart/demo/assets/images/product/6721f920e906e1730279712.png]
[script.viserlab.com/visermart/demo/assets/images/product/thumb_6721f920e906e1730279712.png]
[pinterest.com/pin/create/button/index70e3.php]
[script.viserlab.com/visermart/demo/assets/templates/basic/js/product_details3252.js]
[script.viserlab.com/visermart/demo/assets/images/product/6721f90415df91730279684.png]
[script.viserlab.com/visermart/demo/assets/images/product/thumb_6721f90415df91730279684.png]
[pinterest.com/pin/create/button/index621e.php]
[script.viserlab.com/visermart/demo/assets/templates/basic/js/product_detailsa0e5.js]
[script.viserlab.com/visermart/demo/assets/images/product/6721f920cbe7e1730279712.png]
[script.viserlab.com/visermart/demo/assets/images/product/thumb_6721f920cbe7e1730279712.png]
[pinterest.com/pin/create/button/indexc3d2.php]
[script.viserlab.com/visermart/demo/assets/templates/basic/js/product_detailsd7ce.js]
[script.viserlab.com/visermart/demo/assets/images/product/6721f920ade901730279712.png]
[script.viserlab.com/visermart/demo/assets/images/product/thumb_6721f920ade901730279712.png]
[pinterest.com/pin/create/button/indexdb3f.php]
[script.viserlab.com/visermart/demo/assets/templates/basic/js/product_details6a5e.js]
[script.viserlab.com/visermart/demo/assets/images/product/6721fc8639b831730280582.png]
[script.viserlab.com/visermart/demo/assets/images/product/thumb_6721fc8639b831730280582.png]
[pinterest.com/pin/create/button/indexc275.php]
[script.viserlab.com/visermart/demo/assets/templates/basic/js/product_details77a1.js]
[script.viserlab.com/visermart/demo/assets/images/product/6721fc8623bcb1730280582.png]
[script.viserlab.com/visermart/demo/assets/images/product/thumb_6721fc8623bcb1730280582.png]
[pinterest.com/pin/create/button/index6b0b.php]
[script.viserlab.com/visermart/demo/assets/templates/basic/js/product_detailsff53.js]
[script.viserlab.com/visermart/demo/assets/images/product/6721fc860286d1730280582.png]
[script.viserlab.com/visermart/demo/assets/images/product/thumb_6721fc860286d1730280582.png]
[pinterest.com/pin/create/button/index902d.php]
[script.viserlab.com/visermart/demo/assets/templates/basic/js/product_detailsa4f8.js]
[script.viserlab.com/visermart/demo/assets/images/product/6721fc85c0bea1730280581.png]
[script.viserlab.com/visermart/demo/assets/images/product/thumb_6721fc85c0bea1730280581.png]
[pinterest.com/pin/create/button/index1f10.php]
[script.viserlab.com/visermart/demo/assets/templates/basic/js/product_details47ea.js]
[script.viserlab.com/visermart/demo/assets/images/product/6721fc86512551730280582.png]
[script.viserlab.com/visermart/demo/assets/images/product/thumb_6721fc86512551730280582.png]
[pinterest.com/pin/create/button/index3d07.php]
[script.viserlab.com/visermart/demo/assets/images/product/6721fc8d3eae21730280589.png]
[script.viserlab.com/visermart/demo/assets/images/product/thumb_6721fc8d3eae21730280589.png]
[pinterest.com/pin/create/button/index190c.php]
[script.viserlab.com/visermart/demo/assets/templates/basic/js/product_details432d.js]
[script.viserlab.com/visermart/demo/assets/images/product/6721fc8d2bbba1730280589.png]
[script.viserlab.com/visermart/demo/assets/images/product/thumb_6721fc8d2bbba1730280589.png]
[pinterest.com/pin/create/button/index2225.php]
[script.viserlab.com/visermart/demo/assets/templates/basic/js/product_details34db.js]
[script.viserlab.com/visermart/demo/assets/images/product/6721fc8d65db21730280589.png]
[script.viserlab.com/visermart/demo/assets/images/product/thumb_6721fc8d65db21730280589.png]
[pinterest.com/pin/create/button/index20ac.php]
[script.viserlab.com/visermart/demo/assets/templates/basic/js/product_details9a4c.js]
[script.viserlab.com/visermart/demo/assets/images/product/6721f9f716d281730279927.png]
[script.viserlab.com/visermart/demo/assets/images/product/thumb_6721f9f716d281730279927.png]
[pinterest.com/pin/create/button/index7b22.php]
[script.viserlab.com/visermart/demo/assets/templates/basic/js/product_detailsf056.js]
[script.viserlab.com/visermart/demo/assets/images/product/6721f9f6ed2911730279926.png]
[script.viserlab.com/visermart/demo/assets/images/product/thumb_6721f9f6ed2911730279926.png]
[pinterest.com/pin/create/button/index5029.php]
[script.viserlab.com/visermart/demo/assets/templates/basic/js/product_details7e9d.js]
[script.viserlab.com/visermart/demo/assets/images/product/6721f9f6bc19d1730279926.png]
[script.viserlab.com/visermart/demo/assets/images/product/thumb_6721f9f6bc19d1730279926.png]
[pinterest.com/pin/create/button/index79e1.php]
[script.viserlab.com/visermart/demo/assets/templates/basic/js/product_detailsc00e.js]
[script.viserlab.com/visermart/demo/assets/images/product/6721f9fc2c02b1730279932.png]
[script.viserlab.com/visermart/demo/assets/images/product/thumb_6721f9fc2c02b1730279932.png]
[pinterest.com/pin/create/button/indexcd60.php]
[script.viserlab.com/visermart/demo/assets/templates/basic/js/product_detailsd416.js]
[script.viserlab.com/visermart/demo/assets/images/product/6721f9fbee7991730279931.png]
[script.viserlab.com/visermart/demo/assets/images/product/thumb_6721f9fbee7991730279931.png]
[pinterest.com/pin/create/button/indexb4d8.php]
[script.viserlab.com/visermart/demo/assets/templates/basic/js/product_detailsb4f4.js]
[script.viserlab.com/visermart/demo/assets/images/product/6721f9fc4a2661730279932.png]
[script.viserlab.com/visermart/demo/assets/images/product/thumb_6721f9fc4a2661730279932.png]
[pinterest.com/pin/create/button/indexd46e.php]
[script.viserlab.com/visermart/demo/assets/templates/basic/js/product_details0b8e.js]
[script.viserlab.com/visermart/demo/assets/images/product/6721fa011c3c91730279937.png]
[script.viserlab.com/visermart/demo/assets/images/product/thumb_6721fa011c3c91730279937.png]
[pinterest.com/pin/create/button/index9b96.php]
[script.viserlab.com/visermart/demo/assets/templates/basic/js/product_detailsa159.js]
[script.viserlab.com/visermart/demo/assets/images/product/67432b271206d1732455207.png]
[script.viserlab.com/visermart/demo/assets/images/product/67432b272ef2e1732455207.png]
[script.viserlab.com/visermart/demo/assets/images/product/thumb_67432b271206d1732455207.png]
[script.viserlab.com/visermart/demo/assets/images/product/thumb_67432b272ef2e1732455207.png]
[pinterest.com/pin/create/button/indexcd0f.php]
[script.viserlab.com/visermart/demo/assets/templates/basic/js/product_details6a72.js]
[script.viserlab.com/visermart/demo/assets/images/product/6721fc3b01f221730280507.png]
[script.viserlab.com/visermart/demo/assets/images/product/thumb_6721fc3b01f221730280507.png]
[pinterest.com/pin/create/button/index2bc8.php]
[script.viserlab.com/visermart/demo/assets/templates/basic/js/product_details6c5c-2.js]
[script.viserlab.com/visermart/demo/assets/images/product/6721fc3ec90811730280510.png]
[script.viserlab.com/visermart/demo/assets/images/product/thumb_6721fc3ec90811730280510.png]
[pinterest.com/pin/create/button/indexbc79.php]
[script.viserlab.com/visermart/demo/assets/templates/basic/js/product_detailsc566.js]
[script.viserlab.com/visermart/demo/assets/images/product/6721f9210ecb01730279713.png]
[script.viserlab.com/visermart/demo/assets/images/product/thumb_6721f9210ecb01730279713.png]
[pinterest.com/pin/create/button/index5bc5.php]
[script.viserlab.com/visermart/demo/assets/templates/basic/js/product_details6643.js]
[script.viserlab.com/visermart/demo/assets/images/product/67222b93b2bb31730292627.png]
[script.viserlab.com/visermart/demo/assets/images/product/67222b935e5021730292627.png]
[script.viserlab.com/visermart/demo/assets/images/product/67222b936fda31730292627.png]
[script.viserlab.com/visermart/demo/assets/images/product/thumb_67222b93b2bb31730292627.png]
[script.viserlab.com/visermart/demo/assets/images/product/thumb_67222b935e5021730292627.png]
[script.viserlab.com/visermart/demo/assets/images/product/thumb_67222b936fda31730292627.png]
[pinterest.com/pin/create/button/index37df.php]
[script.viserlab.com/visermart/demo/assets/templates/basic/js/product_details5811.js]
[script.viserlab.com/visermart/demo/assets/images/product/67222bbfa3be51730292671.png]
[script.viserlab.com/visermart/demo/assets/images/product/thumb_67222bbfa3be51730292671.png]
[pinterest.com/pin/create/button/index6608.php]
[script.viserlab.com/visermart/demo/assets/templates/basic/js/product_details8c90.js]
[script.viserlab.com/visermart/demo/assets/images/product/6741d69abbd5c1732368026.png]
[script.viserlab.com/visermart/demo/assets/images/product/6721f9364facc1730279734.jpg]
[script.viserlab.com/visermart/demo/assets/images/product/6721f936560b21730279734.jpg]
[script.viserlab.com/visermart/demo/assets/images/product/thumb_6741d69abbd5c1732368026.png]
[script.viserlab.com/visermart/demo/assets/images/product/thumb_6721f9364facc1730279734.jpg]
[script.viserlab.com/visermart/demo/assets/images/product/thumb_6721f936560b21730279734.jpg]
[pinterest.com/pin/create/button/indexfd0e.php]
[script.viserlab.com/visermart/demo/assets/templates/basic/js/product_details295c.js]
[script.viserlab.com/visermart/demo/assets/images/product/6721f9f6cdfef1730279926.png]
[script.viserlab.com/visermart/demo/assets/images/product/thumb_6721f9f6cdfef1730279926.png]
[pinterest.com/pin/create/button/indexa39a.php]
[script.viserlab.com/visermart/demo/assets/templates/basic/js/product_details2b62.js]
[script.viserlab.com/visermart/demo/assets/images/product/6721fa01015281730279937.png]
[script.viserlab.com/visermart/demo/assets/images/product/6721f9fc57fe21730279932.png]
[script.viserlab.com/visermart/demo/assets/images/product/thumb_6721fa01015281730279937.png]
[script.viserlab.com/visermart/demo/assets/images/product/thumb_6721f9fc57fe21730279932.png]
[pinterest.com/pin/create/button/indexaa3c.php]
[script.viserlab.com/visermart/demo/assets/templates/basic/js/product_detailsc9ec.js]
[script.viserlab.com/visermart/demo/assets/images/product/6721f9c116b7a1730279873.png]
[script.viserlab.com/visermart/demo/assets/images/product/thumb_6721f9c116b7a1730279873.png]
[pinterest.com/pin/create/button/index17e8.php]
[script.viserlab.com/visermart/demo/assets/templates/basic/js/product_details2e7f.js]
[script.viserlab.com/visermart/demo/assets/images/product/6721f9bb940b11730279867.png]
[script.viserlab.com/visermart/demo/assets/images/product/thumb_6721f9bb940b11730279867.png]
[pinterest.com/pin/create/button/index2187.php]
[script.viserlab.com/visermart/demo/assets/templates/basic/js/product_details566f.js]
[script.viserlab.com/visermart/demo/assets/images/product/6721f9bb805c41730279867.png]
[script.viserlab.com/visermart/demo/assets/images/product/thumb_6721f9bb805c41730279867.png]
[pinterest.com/pin/create/button/indexc7bf.php]
[script.viserlab.com/visermart/demo/assets/templates/basic/js/product_detailsa011.js]
[script.viserlab.com/visermart/demo/assets/images/product/6721f9bbf275d1730279867.png]
[script.viserlab.com/visermart/demo/assets/images/product/thumb_6721f9bbf275d1730279867.png]
[pinterest.com/pin/create/button/index15c8.php]
[script.viserlab.com/visermart/demo/assets/templates/basic/js/product_details782c.js]
[script.viserlab.com/visermart/demo/assets/images/product/6721f9bbde0f51730279867.png]
[script.viserlab.com/visermart/demo/assets/images/product/thumb_6721f9bbde0f51730279867.png]
[pinterest.com/pin/create/button/index2fc8.php]
[script.viserlab.com/visermart/demo/assets/templates/basic/js/product_details8029.js]
[script.viserlab.com/visermart/demo/assets/images/product/6721f9bbc73161730279867.png]
[script.viserlab.com/visermart/demo/assets/images/product/thumb_6721f9bbc73161730279867.png]
[pinterest.com/pin/create/button/index55e2.php]
[script.viserlab.com/visermart/demo/assets/templates/basic/js/product_details8125.js]
[script.viserlab.com/visermart/demo/assets/images/product/6721f9bbacf571730279867.png]
[script.viserlab.com/visermart/demo/assets/images/product/thumb_6721f9bbacf571730279867.png]
[pinterest.com/pin/create/button/indexec58.php]
[script.viserlab.com/visermart/demo/assets/templates/basic/js/product_detailsa6ee.js]
[script.viserlab.com/visermart/demo/assets/images/product/6721f9f6d85661730279926.png]
[script.viserlab.com/visermart/demo/assets/images/product/thumb_6721f9f6d85661730279926.png]
[pinterest.com/pin/create/button/index0841.php]
[script.viserlab.com/visermart/demo/assets/templates/basic/js/product_details7645.js]
[script.viserlab.com/visermart/demo/assets/images/product/6721f9fc1a9ad1730279932.png]
[script.viserlab.com/visermart/demo/assets/images/product/thumb_6721f9fc1a9ad1730279932.png]
[pinterest.com/pin/create/button/indexbc28.php]
[script.viserlab.com/visermart/demo/assets/templates/basic/js/product_details66ba.js]
[script.viserlab.com/visermart/demo/assets/images/product/6721f9d6ecc2b1730279894.png]
[script.viserlab.com/visermart/demo/assets/images/product/6721f9de633381730279902.png]
[script.viserlab.com/visermart/demo/assets/images/product/thumb_6721f9d6ecc2b1730279894.png]
[script.viserlab.com/visermart/demo/assets/images/product/thumb_6721f9de633381730279902.png]
[pinterest.com/pin/create/button/index3f6b.php]
[script.viserlab.com/visermart/demo/assets/templates/basic/js/product_detailsf21f.js]
[script.viserlab.com/visermart/demo/assets/images/product/6721f9e5d4fa01730279909.png]
[script.viserlab.com/visermart/demo/assets/images/product/6721f9ddf1abf1730279901.png]
[script.viserlab.com/visermart/demo/assets/images/product/6721f9de7754c1730279902.png]
[script.viserlab.com/visermart/demo/assets/images/product/6721f9e5e90a41730279909.png]
[script.viserlab.com/visermart/demo/assets/images/product/thumb_6721f9e5d4fa01730279909.png]
[script.viserlab.com/visermart/demo/assets/images/product/thumb_6721f9ddf1abf1730279901.png]
[script.viserlab.com/visermart/demo/assets/images/product/thumb_6721f9de7754c1730279902.png]
[script.viserlab.com/visermart/demo/assets/images/product/thumb_6721f9e5e90a41730279909.png]
[pinterest.com/pin/create/button/index7a7b.php]
[script.viserlab.com/visermart/demo/assets/templates/basic/js/product_details2417.js]
[script.viserlab.com/visermart/demo/assets/images/product/6721f9e5973521730279909.png]
[script.viserlab.com/visermart/demo/assets/images/product/6721f9d6a8c481730279894.png]
[script.viserlab.com/visermart/demo/assets/images/product/thumb_6721f9e5973521730279909.png]
[script.viserlab.com/visermart/demo/assets/images/product/thumb_6721f9d6a8c481730279894.png]
[pinterest.com/pin/create/button/index66e0.php]
[script.viserlab.com/visermart/demo/assets/templates/basic/js/product_details9347.js]
[script.viserlab.com/visermart/demo/assets/images/product/6721f9e62b4a71730279910.png]
[script.viserlab.com/visermart/demo/assets/images/product/thumb_6721f9e62b4a71730279910.png]
[pinterest.com/pin/create/button/indexd043.php]
[script.viserlab.com/visermart/demo/assets/templates/basic/js/product_details2a4c.js]
[script.viserlab.com/visermart/demo/assets/images/product/6721f9e6190411730279910.png]
[script.viserlab.com/visermart/demo/assets/images/product/thumb_6721f9e6190411730279910.png]
[pinterest.com/pin/create/button/index3d19.php]
[script.viserlab.com/visermart/demo/assets/templates/basic/js/product_details7205.js]
[script.viserlab.com/visermart/demo/assets/images/product/6721f9ea493101730279914.png]
[script.viserlab.com/visermart/demo/assets/images/product/thumb_6721f9ea493101730279914.png]
[pinterest.com/pin/create/button/indexd008.php]
[script.viserlab.com/visermart/demo/assets/templates/basic/js/product_details9469.js]
[script.viserlab.com/visermart/demo/assets/images/product/6721f9d68c1b01730279894.png]
[script.viserlab.com/visermart/demo/assets/images/product/thumb_6721f9d68c1b01730279894.png]
[pinterest.com/pin/create/button/index6a2c.php]
[script.viserlab.com/visermart/demo/assets/templates/basic/js/product_details0a71.js]
[script.viserlab.com/visermart/demo/assets/images/product/6721fb46261161730280262.png]
[script.viserlab.com/visermart/demo/assets/images/product/thumb_6721fb46261161730280262.png]
[pinterest.com/pin/create/button/indexdd7b.php]
[script.viserlab.com/visermart/demo/assets/templates/basic/js/product_details2365.js]
[script.viserlab.com/visermart/demo/assets/images/product/6721fb45efac31730280261.png]
[script.viserlab.com/visermart/demo/assets/images/product/thumb_6721fb45efac31730280261.png]
[pinterest.com/pin/create/button/index63c3.php]
[script.viserlab.com/visermart/demo/assets/templates/basic/js/product_details4d15.js]
[script.viserlab.com/visermart/demo/assets/images/product/6721fb45d5d001730280261.png]
[script.viserlab.com/visermart/demo/assets/images/product/thumb_6721fb45d5d001730280261.png]
[pinterest.com/pin/create/button/index8d35.php]
[script.viserlab.com/visermart/demo/assets/images/product/6721fb467f0921730280262.png]
[script.viserlab.com/visermart/demo/assets/images/product/thumb_6721fb467f0921730280262.png]
[pinterest.com/pin/create/button/index631e.php]
[script.viserlab.com/visermart/demo/assets/templates/basic/js/product_details234d.js]
[script.viserlab.com/visermart/demo/assets/images/product/6721fb4665eea1730280262.png]
[script.viserlab.com/visermart/demo/assets/images/product/thumb_6721fb4665eea1730280262.png]
[pinterest.com/pin/create/button/indexd5d9.php]
[script.viserlab.com/visermart/demo/assets/templates/basic/js/product_details8af8.js]
[script.viserlab.com/visermart/demo/assets/images/product/6721fb343d2001730280244.png]
[script.viserlab.com/visermart/demo/assets/images/product/thumb_6721fb343d2001730280244.png]
[pinterest.com/pin/create/button/index10c3.php]
[script.viserlab.com/visermart/demo/assets/templates/basic/js/product_details12d5.js]
[script.viserlab.com/visermart/demo/assets/images/product/6721fb342e3e71730280244.png]
[script.viserlab.com/visermart/demo/assets/images/product/thumb_6721fb342e3e71730280244.png]
[pinterest.com/pin/create/button/index5db8.php]
[script.viserlab.com/visermart/demo/assets/templates/basic/js/product_details7f3e.js]
[script.viserlab.com/visermart/demo/assets/images/product/6721fb34193151730280244.png]
[script.viserlab.com/visermart/demo/assets/images/product/thumb_6721fb34193151730280244.png]
[pinterest.com/pin/create/button/index3037.php]
[script.viserlab.com/visermart/demo/assets/templates/basic/js/product_details4d3d.js]
[script.viserlab.com/visermart/demo/assets/images/product/6721fb34037881730280244.png]
[script.viserlab.com/visermart/demo/assets/images/product/thumb_6721fb34037881730280244.png]
[pinterest.com/pin/create/button/index81fe.php]
[script.viserlab.com/visermart/demo/assets/templates/basic/js/product_detailsecf5.js]
[script.viserlab.com/visermart/demo/assets/images/product/6721fb345c8ae1730280244.png]
[script.viserlab.com/visermart/demo/assets/images/product/thumb_6721fb345c8ae1730280244.png]
[pinterest.com/pin/create/button/index6737.php]
[script.viserlab.com/visermart/demo/assets/images/product/6721fb344d7da1730280244.png]
[script.viserlab.com/visermart/demo/assets/images/product/thumb_6721fb344d7da1730280244.png]
[pinterest.com/pin/create/button/index381a.php]
[script.viserlab.com/visermart/demo/assets/templates/basic/js/product_details0801.js]
[script.viserlab.com/visermart/demo/assets/images/product/6721fb381fca21730280248.png]
[script.viserlab.com/visermart/demo/assets/images/product/thumb_6721fb381fca21730280248.png]
[pinterest.com/pin/create/button/indexec65.php]
[script.viserlab.com/visermart/demo/assets/templates/basic/js/product_detailsbe33.js]
[script.viserlab.com/visermart/demo/assets/images/product/6721fa76f02e31730280054.png]
[script.viserlab.com/visermart/demo/assets/images/product/thumb_6721fa76f02e31730280054.png]
[pinterest.com/pin/create/button/indexcc5f.php]
[script.viserlab.com/visermart/demo/assets/templates/basic/js/product_details85c7.js]
[script.viserlab.com/visermart/demo/assets/images/product/6721fa77737311730280055.png]
[script.viserlab.com/visermart/demo/assets/images/product/thumb_6721fa77737311730280055.png]
[pinterest.com/pin/create/button/indexae59.php]
[script.viserlab.com/visermart/demo/assets/templates/basic/js/product_details7073.js]
[script.viserlab.com/visermart/demo/assets/images/product/6721fa77612df1730280055.png]
[script.viserlab.com/visermart/demo/assets/images/product/thumb_6721fa77612df1730280055.png]
[pinterest.com/pin/create/button/indexf674.php]
[script.viserlab.com/visermart/demo/assets/templates/basic/js/product_details7a80.js]
[script.viserlab.com/visermart/demo/assets/images/product/6721fa30a43351730279984.png]
[script.viserlab.com/visermart/demo/assets/images/product/thumb_6721fa30a43351730279984.png]
[pinterest.com/pin/create/button/indexd91d.php]
[script.viserlab.com/visermart/demo/assets/templates/basic/js/product_details436e.js]
[script.viserlab.com/visermart/demo/assets/images/product/6721fa37a87961730279991.png]
[script.viserlab.com/visermart/demo/assets/images/product/6721fa37960621730279991.png]
[script.viserlab.com/visermart/demo/assets/images/product/thumb_6721fa37a87961730279991.png]
[script.viserlab.com/visermart/demo/assets/images/product/thumb_6721fa37960621730279991.png]
[pinterest.com/pin/create/button/indexc16a.php]
[script.viserlab.com/visermart/demo/assets/templates/basic/js/product_detailsa6db.js]
[script.viserlab.com/visermart/demo/assets/images/product/6721fa1eda9fa1730279966.png]
[script.viserlab.com/visermart/demo/assets/images/product/thumb_6721fa1eda9fa1730279966.png]
[pinterest.com/pin/create/button/index4975.php]
[script.viserlab.com/visermart/demo/assets/templates/basic/js/product_details1a8f.js]
[script.viserlab.com/visermart/demo/assets/images/product/6721fb461834d1730280262.png]
[script.viserlab.com/visermart/demo/assets/images/product/thumb_6721fb461834d1730280262.png]
[pinterest.com/pin/create/button/index3fc6.php]
[script.viserlab.com/visermart/demo/assets/templates/basic/js/product_details3b7b.js]
[script.viserlab.com/visermart/demo/assets/images/product/6721fb4a559421730280266.png]
[script.viserlab.com/visermart/demo/assets/images/product/thumb_6721fb4a559421730280266.png]
[pinterest.com/pin/create/button/indexc686.php]
[script.viserlab.com/visermart/demo/assets/templates/basic/js/product_details041c.js]
[script.viserlab.com/visermart/demo/assets/images/product/6721fb53c169f1730280275.png]
[script.viserlab.com/visermart/demo/assets/images/product/thumb_6721fb53c169f1730280275.png]
[pinterest.com/pin/create/button/indexaff3.php]
[script.viserlab.com/visermart/demo/assets/templates/basic/js/product_details251e.js]
[script.viserlab.com/visermart/demo/assets/images/product/6721fb53b06f91730280275.png]
[script.viserlab.com/visermart/demo/assets/images/product/thumb_6721fb53b06f91730280275.png]
[pinterest.com/pin/create/button/indexf4e9.php]
[script.viserlab.com/visermart/demo/assets/templates/basic/js/product_detailsa6aa.js]
[script.viserlab.com/visermart/demo/assets/images/product/6721fb539d5731730280275.png]
[script.viserlab.com/visermart/demo/assets/images/product/thumb_6721fb539d5731730280275.png]
[pinterest.com/pin/create/button/indexdb6b.php]
[script.viserlab.com/visermart/demo/assets/templates/basic/js/product_detailsc9aa.js]
[script.viserlab.com/visermart/demo/assets/images/product/6721fb538c8561730280275.png]
[script.viserlab.com/visermart/demo/assets/images/product/thumb_6721fb538c8561730280275.png]
[pinterest.com/pin/create/button/index0f5f.php]
[script.viserlab.com/visermart/demo/assets/templates/basic/js/product_details0915.js]
[script.viserlab.com/visermart/demo/assets/images/product/6721fb5378b1e1730280275.png]
[script.viserlab.com/visermart/demo/assets/images/product/thumb_6721fb5378b1e1730280275.png]
[pinterest.com/pin/create/button/index190a.php]
[script.viserlab.com/visermart/demo/assets/templates/basic/js/product_detailsb308.js]
[script.viserlab.com/visermart/demo/assets/images/product/6721fb53de95f1730280275.png]
[script.viserlab.com/visermart/demo/assets/images/product/thumb_6721fb53de95f1730280275.png]
[pinterest.com/pin/create/button/indexa830.php]
[script.viserlab.com/visermart/demo/assets/images/product/6721fb571c24f1730280279.png]
[script.viserlab.com/visermart/demo/assets/images/product/thumb_6721fb571c24f1730280279.png]
[pinterest.com/pin/create/button/index98f1.php]
[script.viserlab.com/visermart/demo/assets/templates/basic/js/product_details8e3c.js]
[script.viserlab.com/visermart/demo/assets/images/product/6721fb413d4eb1730280257.png]
[script.viserlab.com/visermart/demo/assets/images/product/thumb_6721fb413d4eb1730280257.png]
[pinterest.com/pin/create/button/index7813.php]
[script.viserlab.com/visermart/demo/assets/templates/basic/js/product_detailsc1e7.js]
[script.viserlab.com/visermart/demo/assets/images/product/6721fb4126bab1730280257.png]
[script.viserlab.com/visermart/demo/assets/images/product/thumb_6721fb4126bab1730280257.png]
[pinterest.com/pin/create/button/indexc5f3.php]
[script.viserlab.com/visermart/demo/assets/templates/basic/js/product_details57d0.js]
[script.viserlab.com/visermart/demo/assets/images/product/6721fb41157411730280257.png]
[script.viserlab.com/visermart/demo/assets/images/product/thumb_6721fb41157411730280257.png]
[pinterest.com/pin/create/button/index24d0.php]
[script.viserlab.com/visermart/demo/assets/images/product/6721fb41045ca1730280257.png]
[script.viserlab.com/visermart/demo/assets/images/product/thumb_6721fb41045ca1730280257.png]
[pinterest.com/pin/create/button/index7884.php]
[script.viserlab.com/visermart/demo/assets/templates/basic/js/product_detailsfc07.js]
[script.viserlab.com/visermart/demo/assets/images/product/6721fb4163c9e1730280257.png]
[script.viserlab.com/visermart/demo/assets/images/product/thumb_6721fb4163c9e1730280257.png]
[pinterest.com/pin/create/button/index7d7f.php]
[script.viserlab.com/visermart/demo/assets/templates/basic/js/product_detailsb21d.js]
[script.viserlab.com/visermart/demo/assets/images/product/6721fb4151c3e1730280257.png]
[script.viserlab.com/visermart/demo/assets/images/product/thumb_6721fb4151c3e1730280257.png]
[pinterest.com/pin/create/button/indexaba6.php]
[script.viserlab.com/visermart/demo/assets/templates/basic/js/product_details4d58.js]
[script.viserlab.com/visermart/demo/assets/images/product/6721fa77512591730280055.png]
[script.viserlab.com/visermart/demo/assets/images/product/thumb_6721fa77512591730280055.png]
[pinterest.com/pin/create/button/index46f7.php]
[script.viserlab.com/visermart/demo/assets/templates/basic/js/product_detailsb3a5.js]
[script.viserlab.com/visermart/demo/assets/images/product/6721fa773ffe41730280055.png]
[script.viserlab.com/visermart/demo/assets/images/product/thumb_6721fa773ffe41730280055.png]
[pinterest.com/pin/create/button/index4405.php]
[script.viserlab.com/visermart/demo/assets/templates/basic/js/product_details864f.js]
[script.viserlab.com/visermart/demo/assets/images/product/6721fa77118cc1730280055.png]
[script.viserlab.com/visermart/demo/assets/images/product/thumb_6721fa77118cc1730280055.png]
[pinterest.com/pin/create/button/index7843.php]
[script.viserlab.com/visermart/demo/assets/templates/basic/js/product_details076c.js]
[script.viserlab.com/visermart/demo/assets/images/product/6721fa7ea38141730280062.png]
[script.viserlab.com/visermart/demo/assets/images/product/thumb_6721fa7ea38141730280062.png]
[pinterest.com/pin/create/button/indexcb65.php]
[script.viserlab.com/visermart/demo/assets/images/product/6721fa7ebf8701730280062.png]
[script.viserlab.com/visermart/demo/assets/images/product/thumb_6721fa7ebf8701730280062.png]
[pinterest.com/pin/create/button/indexcf80.php]
[script.viserlab.com/visermart/demo/assets/templates/basic/js/product_details6908.js]
[script.viserlab.com/visermart/demo/assets/images/product/6721fa70449121730280048.png]
[script.viserlab.com/visermart/demo/assets/images/product/thumb_6721fa70449121730280048.png]
[pinterest.com/pin/create/button/indexb162.php]
[script.viserlab.com/visermart/demo/assets/templates/basic/js/product_details5c3e.js]
[script.viserlab.com/visermart/demo/assets/images/product/6721fa702e4451730280048.png]
[script.viserlab.com/visermart/demo/assets/images/product/thumb_6721fa702e4451730280048.png]
[pinterest.com/pin/create/button/indexd4cd.php]
[script.viserlab.com/visermart/demo/assets/templates/basic/js/product_detailsb51a.js]
[script.viserlab.com/visermart/demo/assets/images/product/6721fa70199b11730280048.png]
[script.viserlab.com/visermart/demo/assets/images/product/thumb_6721fa70199b11730280048.png]
[pinterest.com/pin/create/button/index2b86.php]
[script.viserlab.com/visermart/demo/assets/templates/basic/js/product_detailse824.js]
[script.viserlab.com/visermart/demo/assets/images/product/6721fa70545d41730280048.png]
[script.viserlab.com/visermart/demo/assets/images/product/thumb_6721fa70545d41730280048.png]
[pinterest.com/pin/create/button/index9408.php]
[script.viserlab.com/visermart/demo/assets/templates/basic/js/product_details012a.js]
[script.viserlab.com/visermart/demo/assets/images/product/6721fa6b4e7d91730280043.png]
[script.viserlab.com/visermart/demo/assets/images/product/thumb_6721fa6b4e7d91730280043.png]
[pinterest.com/pin/create/button/index9782.php]
[script.viserlab.com/visermart/demo/assets/templates/basic/js/product_detailsd6eb.js]
[script.viserlab.com/visermart/demo/assets/images/product/6721fa6b5f8a41730280043.png]
[script.viserlab.com/visermart/demo/assets/images/product/thumb_6721fa6b5f8a41730280043.png]
[pinterest.com/pin/create/button/index63bd.php]
[script.viserlab.com/visermart/demo/assets/templates/basic/js/product_detailsfd5d.js]
[script.viserlab.com/visermart/demo/assets/images/product/6721fad48d60e1730280148.png]
[script.viserlab.com/visermart/demo/assets/images/product/thumb_6721fad48d60e1730280148.png]
[pinterest.com/pin/create/button/index7da0.php]
[script.viserlab.com/visermart/demo/assets/templates/basic/js/product_detailsafba.js]
[script.viserlab.com/visermart/demo/assets/images/product/6721fad47e8131730280148.png]
[script.viserlab.com/visermart/demo/assets/images/product/thumb_6721fad47e8131730280148.png]
[pinterest.com/pin/create/button/index4bac.php]
[script.viserlab.com/visermart/demo/assets/templates/basic/js/product_details57de.js]
[script.viserlab.com/visermart/demo/assets/images/product/6721fad46ab721730280148.png]
[script.viserlab.com/visermart/demo/assets/images/product/thumb_6721fad46ab721730280148.png]
[pinterest.com/pin/create/button/index4704.php]
[script.viserlab.com/visermart/demo/assets/templates/basic/js/product_detailsf968.js]
[script.viserlab.com/visermart/demo/assets/images/product/6721fad45f3981730280148.png]
[script.viserlab.com/visermart/demo/assets/images/product/thumb_6721fad45f3981730280148.png]
[pinterest.com/pin/create/button/index478c.php]
[script.viserlab.com/visermart/demo/assets/templates/basic/js/product_details20c0.js]
[script.viserlab.com/visermart/demo/assets/images/product/6721fad44c9eb1730280148.png]
[script.viserlab.com/visermart/demo/assets/images/product/thumb_6721fad44c9eb1730280148.png]
[pinterest.com/pin/create/button/index719c.php]
[script.viserlab.com/visermart/demo/assets/templates/basic/js/product_details35ac.js]
[script.viserlab.com/visermart/demo/assets/images/product/6721fad7e4eb51730280151.png]
[script.viserlab.com/visermart/demo/assets/images/product/thumb_6721fad7e4eb51730280151.png]
[pinterest.com/pin/create/button/indexead4.php]
[script.viserlab.com/visermart/demo/assets/templates/basic/js/product_details6252.js]
[script.viserlab.com/visermart/demo/assets/images/product/6721fac9bb6a41730280137.png]
[script.viserlab.com/visermart/demo/assets/images/product/thumb_6721fac9bb6a41730280137.png]
[pinterest.com/pin/create/button/indexb978.php]
[script.viserlab.com/visermart/demo/assets/templates/basic/js/product_detailsfbde.js]
[script.viserlab.com/visermart/demo/assets/images/product/6721fac9ac2af1730280137.png]
[script.viserlab.com/visermart/demo/assets/images/product/thumb_6721fac9ac2af1730280137.png]
[pinterest.com/pin/create/button/index6d32.php]
[script.viserlab.com/visermart/demo/assets/templates/basic/js/product_details7cf6.js]
[script.viserlab.com/visermart/demo/assets/images/product/6721fac9a199b1730280137.png]
[script.viserlab.com/visermart/demo/assets/images/product/thumb_6721fac9a199b1730280137.png]
[pinterest.com/pin/create/button/index1ea9.php]
[script.viserlab.com/visermart/demo/assets/templates/basic/js/product_detailsa2a4.js]
[script.viserlab.com/visermart/demo/assets/images/product/6721fac994af61730280137.png]
[script.viserlab.com/visermart/demo/assets/images/product/thumb_6721fac994af61730280137.png]
[pinterest.com/pin/create/button/index1744.php]
[script.viserlab.com/visermart/demo/assets/templates/basic/js/product_details9a33.js]
[script.viserlab.com/visermart/demo/assets/images/product/6721fac983bb51730280137.png]
[script.viserlab.com/visermart/demo/assets/images/product/thumb_6721fac983bb51730280137.png]
[pinterest.com/pin/create/button/indexd860.php]
[script.viserlab.com/visermart/demo/assets/templates/basic/js/product_detailsc391.js]
[script.viserlab.com/visermart/demo/assets/images/product/6721fac9c70dd1730280137.png]
[script.viserlab.com/visermart/demo/assets/images/product/thumb_6721fac9c70dd1730280137.png]
[pinterest.com/pin/create/button/index4999.php]
[script.viserlab.com/visermart/demo/assets/templates/basic/js/product_detailsccd3.js]
[script.viserlab.com/visermart/demo/assets/images/product/6721facd9d9c41730280141.png]
[script.viserlab.com/visermart/demo/assets/images/product/thumb_6721facd9d9c41730280141.png]
[pinterest.com/pin/create/button/index4973.php]
[script.viserlab.com/visermart/demo/assets/templates/basic/js/product_details144a.js]
[script.viserlab.com/visermart/demo/assets/images/product/6721facdaa7f71730280141.png]
[script.viserlab.com/visermart/demo/assets/images/product/thumb_6721facdaa7f71730280141.png]
[pinterest.com/pin/create/button/index274e.php]
[script.viserlab.com/visermart/demo/assets/templates/basic/js/product_detailsf3f2.js]
[script.viserlab.com/visermart/demo/assets/images/product/6721fabb8ea411730280123.png]
[script.viserlab.com/visermart/demo/assets/images/product/thumb_6721fabb8ea411730280123.png]
[pinterest.com/pin/create/button/index0d89.php]
[script.viserlab.com/visermart/demo/assets/templates/basic/js/product_details74ee.js]
[script.viserlab.com/visermart/demo/assets/images/product/6721fabb6ca011730280123.png]
[script.viserlab.com/visermart/demo/assets/images/product/thumb_6721fabb6ca011730280123.png]
[pinterest.com/pin/create/button/index3a19.php]
[script.viserlab.com/visermart/demo/assets/templates/basic/js/product_detailsc358.js]
[script.viserlab.com/visermart/demo/assets/images/product/6721fabb569a11730280123.png]
[script.viserlab.com/visermart/demo/assets/images/product/thumb_6721fabb569a11730280123.png]
[script.viserlab.com/visermart/demo/assets/templates/basic/js/product_details1217.js]
[script.viserlab.com/visermart/demo/assets/images/product/6721fabb3cf921730280123.png]
[script.viserlab.com/visermart/demo/assets/images/product/thumb_6721fabb3cf921730280123.png]
[pinterest.com/pin/create/button/indexcc83.php]
[script.viserlab.com/visermart/demo/assets/templates/basic/js/product_detailsc1f8.js]
[script.viserlab.com/visermart/demo/assets/images/product/6721fabbda3361730280123.png]
[script.viserlab.com/visermart/demo/assets/images/product/thumb_6721fabbda3361730280123.png]
[pinterest.com/pin/create/button/indexa8d0.php]
[script.viserlab.com/visermart/demo/assets/templates/basic/js/product_details2c45.js]
[script.viserlab.com/visermart/demo/assets/images/product/6721fabbb23f01730280123.png]
[script.viserlab.com/visermart/demo/assets/images/product/thumb_6721fabbb23f01730280123.png]
[pinterest.com/pin/create/button/index8326.php]
[script.viserlab.com/visermart/demo/assets/templates/basic/js/product_detailsdb1c.js]
[script.viserlab.com/visermart/demo/assets/images/product/6721fac1460b31730280129.png]
[script.viserlab.com/visermart/demo/assets/images/product/thumb_6721fac1460b31730280129.png]
[pinterest.com/pin/create/button/index6382.php]
[script.viserlab.com/visermart/demo/assets/images/product/6721fa5b4ca721730280027.png]
[script.viserlab.com/visermart/demo/assets/images/product/thumb_6721fa5b4ca721730280027.png]
[pinterest.com/pin/create/button/index79f3.php]
[script.viserlab.com/visermart/demo/assets/templates/basic/js/product_details0903.js]
[script.viserlab.com/visermart/demo/assets/images/product/6721fa5b337f01730280027.png]
[script.viserlab.com/visermart/demo/assets/images/product/thumb_6721fa5b337f01730280027.png]
[pinterest.com/pin/create/button/indexb048.php]
[script.viserlab.com/visermart/demo/assets/templates/basic/js/product_detailsc119.js]
[script.viserlab.com/visermart/demo/assets/images/product/6721fa5b108661730280027.png]
[script.viserlab.com/visermart/demo/assets/images/product/thumb_6721fa5b108661730280027.png]
[pinterest.com/pin/create/button/index808a.php]
[script.viserlab.com/visermart/demo/assets/templates/basic/js/product_details1022.js]
[script.viserlab.com/visermart/demo/assets/images/product/6721fa5adc3891730280026.png]
[script.viserlab.com/visermart/demo/assets/images/product/thumb_6721fa5adc3891730280026.png]
[pinterest.com/pin/create/button/indexabc1.php]
[script.viserlab.com/visermart/demo/assets/templates/basic/js/product_details2254.js]
[www.pinterest.com/pin/create/button/index1339.php]
[www.pinterest.com/pin/create/button/indexbce4.php]
[www.pinterest.com/pin/create/button/indexe22b.php]
[www.pinterest.com/pin/create/button/index6d09.php]
[www.pinterest.com/pin/create/button/index640f.php]
[www.pinterest.com/pin/create/button/index6d97.php]
[www.pinterest.com/pin/create/button/index0577.php]
[www.pinterest.com/pin/create/button/index6f4e.php]
[www.pinterest.com/pin/create/button/index75dc.php]
[www.pinterest.com/pin/create/button/index55f3.php]
[www.pinterest.com/pin/create/button/index6b5b.php]
[www.pinterest.com/pin/create/button/index1255.php]
[www.pinterest.com/pin/create/button/index406b.php]
[www.pinterest.com/pin/create/button/index6c5f.php]
[www.pinterest.com/pin/create/button/index5547.php]
[www.pinterest.com/pin/create/button/indexd87c.php]
[www.pinterest.com/pin/create/button/index4032.php]
[www.pinterest.com/pin/create/button/index1d6b.php]
[www.pinterest.com/pin/create/button/indexc0ff.php]
[www.pinterest.com/pin/create/button/index0239.php]
[www.pinterest.com/pin/create/button/index863b.php]
[www.pinterest.com/pin/create/button/indexe169.php]
[www.pinterest.com/pin/create/button/index6ff6.php]
[www.pinterest.com/pin/create/button/indexe5c9.php]
[www.pinterest.com/pin/create/button/index29e5.php]
[www.pinterest.com/pin/create/button/indexffbb.php]
[www.pinterest.com/pin/create/button/index99f6.php]
[www.pinterest.com/pin/create/button/index53d7.php]
[www.pinterest.com/pin/create/button/index65b1.php]
[www.pinterest.com/pin/create/button/index64fe.php]
[www.pinterest.com/pin/create/button/index5106.php]
[www.pinterest.com/pin/create/button/index16a3.php]
[www.pinterest.com/pin/create/button/index992c.php]
[www.pinterest.com/pin/create/button/index76fe.php]
[www.pinterest.com/pin/create/button/index04af.php]
[www.pinterest.com/pin/create/button/index837f.php]
[www.pinterest.com/pin/create/button/index305c.php]
[www.pinterest.com/pin/create/button/indexa8ab.php]
[www.pinterest.com/pin/create/button/index91cd.php]
[www.pinterest.com/pin/create/button/indexe031.php]
[www.pinterest.com/pin/create/button/index780e.php]
[www.pinterest.com/pin/create/button/index728f.php]
[www.pinterest.com/pin/create/button/index5d11.php]
[www.pinterest.com/pin/create/button/index04e9.php]
[www.pinterest.com/pin/create/button/index6160.php]
[www.pinterest.com/pin/create/button/index0c82.php]
[www.pinterest.com/pin/create/button/index63b4.php]
[www.pinterest.com/pin/create/button/indexc520.php]
[www.pinterest.com/pin/create/button/indexde3b.php]
[www.pinterest.com/pin/create/button/index87e3.php]
[script.viserlab.com/visermart/demo/assets/images/product/6721fdf9a97171730280953.png]
[script.viserlab.com/visermart/demo/assets/images/product/6721fdf9efb9e1730280953.png]
[script.viserlab.com/visermart/demo/assets/images/product/6721fdfa1481d1730280954.png]
[script.viserlab.com/visermart/demo/assets/images/product/6721fdfa2f2101730280954.png]
[script.viserlab.com/visermart/demo/assets/images/product/thumb_6721fdf9a97171730280953.png]
[script.viserlab.com/visermart/demo/assets/images/product/thumb_6721fdf9efb9e1730280953.png]
[script.viserlab.com/visermart/demo/assets/images/product/thumb_6721fdfa1481d1730280954.png]
[script.viserlab.com/visermart/demo/assets/images/product/thumb_6721fdfa2f2101730280954.png]
[pinterest.com/pin/create/button/indexfafd.php]
[script.viserlab.com/visermart/demo/assets/templates/basic/js/product_detailsed1b.js]
[script.viserlab.com/visermart/demo/assets/images/product/6735dfd1dc24f1731583953.png]
[script.viserlab.com/visermart/demo/assets/images/product/thumb_6735dfd1dc24f1731583953.png]
[pinterest.com/pin/create/button/indexf92e.php]
[script.viserlab.com/visermart/demo/assets/templates/basic/js/product_details9eb8.js]
[script.viserlab.com/visermart/demo/assets/images/product/6721fdea2e8f21730280938.jpg]
[script.viserlab.com/visermart/demo/assets/images/product/6721fdea344111730280938.png]
[script.viserlab.com/visermart/demo/assets/images/product/thumb_6721fdea2e8f21730280938.jpg]
[script.viserlab.com/visermart/demo/assets/images/product/thumb_6721fdea344111730280938.png]
[pinterest.com/pin/create/button/indexf424.php]
[script.viserlab.com/visermart/demo/assets/templates/basic/js/product_detailsc40c.js]
[s.pinimg.com/webapp/runtime-00e8992e51519e31.js]
[s.pinimg.com/webapp/polyfills-5e3ecc7615d92384.js]
[s.pinimg.com/webapp/84132-1d004bd798b5f78c.js]
[s.pinimg.com/webapp/91874-e557c9559f54a78f.js]
[s.pinimg.com/webapp/11838-faffc7a6a962b630.js]
[s.pinimg.com/webapp/locale-en_US-LocaleDataLoader-59f11bfddd976457.js]
[s.pinimg.com/webapp/gestalt-28ca26264a188335.js]
[s.pinimg.com/webapp/vendor-react-866203bce02d697b.js]
[s.pinimg.com/webapp/48493-055cd8e9955a5e71.js]
[s.pinimg.com/webapp/13807-57a523563cde5d89.js]
[s.pinimg.com/webapp/92287-34c93f90e7cc584e.js]
[s.pinimg.com/webapp/35601-824031a9865be675.js]
[s.pinimg.com/webapp/817-089a9af2192c1b19.js]
[s.pinimg.com/webapp/93586-ac6c37e6d7346b12.js]
[s.pinimg.com/webapp/59260-15157f5d6b4c0aa1.js]
[s.pinimg.com/webapp/34997-490b81152f4783ed.js]
[s.pinimg.com/webapp/18436-8200d2fcb0a62ef6.js]
[s.pinimg.com/webapp/20673-50b95f85eead3166.js]
[s.pinimg.com/webapp/31145-997ddfbff7b0c9bf.js]
[s.pinimg.com/webapp/51960-cdbe27ce11380b1e.js]
[s.pinimg.com/webapp/97689-ed1f0ee329efb6e5.js]
[s.pinimg.com/webapp/25191-d5ee26852985e41c.js]
[s.pinimg.com/webapp/21577-03db7ea78b2f67f0.js]
[s.pinimg.com/webapp/47988-cf34a6a59e3f2a05.js]
[s.pinimg.com/webapp/39064-6227fd44c21bae44.js]
[s.pinimg.com/webapp/4639-c1df975e59990c83.js]
[s.pinimg.com/webapp/96440-1e2a26ad39e7732c.js]
[s.pinimg.com/webapp/82602-db31364b22c776b8.js]
[s.pinimg.com/webapp/11622-b437893577f7a528.js]
[s.pinimg.com/webapp/42862-c88e1d4ef60bbb52.js]
[s.pinimg.com/webapp/57706-313f41e73335a945.js]
[s.pinimg.com/webapp/63702-4c28ea18e74a53e5.js]
[s.pinimg.com/webapp/79350-9379b54d2ecb7f7a.js]
[s.pinimg.com/webapp/46530-8b310294072a0106.js]
[s.pinimg.com/webapp/13830-b39472e68016ee18.js]
[s.pinimg.com/webapp/23943-086898bf8755adcb.js]
[s.pinimg.com/webapp/75940-2cc89367897f0193.js]
[s.pinimg.com/webapp/48930-2373b3dfeb74726d.js]
[s.pinimg.com/webapp/12478-4675d8a135026bd5.js]
[s.pinimg.com/webapp/84236-d192eebb51693b93.js]
[s.pinimg.com/webapp/3039-9b3b81ebe81c9527.js]
[s.pinimg.com/webapp/16959-7be5d7eea7ab52dc.js]
[s.pinimg.com/webapp/5151-d38355031e0b91f2.js]
[s.pinimg.com/webapp/68931-b8c2e3499ae5f181.js]
[s.pinimg.com/webapp/22028-7329742367793668.js]
[s.pinimg.com/webapp/22843-f11379e6f57ec78e.js]
[s.pinimg.com/webapp/54760-42452f8930a6adae.js]
[s.pinimg.com/webapp/98445-675c058d695dec07.js]
[s.pinimg.com/webapp/82415-a4557b94e3302f17.js]
[s.pinimg.com/webapp/3229-96d2926afd294550.js]
[s.pinimg.com/webapp/60981-2126738c55af4b13.js]
[s.pinimg.com/webapp/5935-e91b50da91917946.js]
[s.pinimg.com/webapp/www/_client-66a9f1caa33474d8.js]
[s.pinimg.com/webapp/500-7b0c18876967cedf.js]
[s.pinimg.com/webapp/21695-5d0b46290cabf982.js]
[s.pinimg.com/webapp/36400-790dcca97ec0c887.js]
[s.pinimg.com/webapp/5986-81522f3660b374f1.js]
[s.pinimg.com/webapp/70616-5234b59dfd6b64a0.js]
[s.pinimg.com/webapp/24405-6fa6b01c608177c5.js]
[s.pinimg.com/webapp/www/pin/create/[method]-b2430a638c2aaf26.js]
[s.pinimg.com/webapp/33718-874046c37d5cabe6.js]
[s.pinimg.com/webapp/UnauthPageWrapperHeader-4a4bf8b93d5fcb4c.js]
[s.pinimg.com/webapp/UnauthPageWrapperFooter-5ed91bb4c3e86909.js]
[s.pinimg.com/webapp/GoogleOneTap-45157c4c83fb3ce8.js]
[s.pinimg.com/webapp/logo_transparent_144x144-3da7a67b.png]
[s.pinimg.com/webapp/favicon_48x48-7470a30d.png]
[www.pinterest.com/pin/create/button/ios-app_/429047995/pinterest/add_pin/_method=button&image_url=&source_url=https_/script.viserlab.com/visermart/demo/product/pink-cotton-kurti-with-white-/thumb_673b3860d67c61731]
[www.pinterest.com/pin/create/button/android-app_/com.pinterest/pinterest/www.pinterest.com/pin/create/button/_media=&url=https_/script.viserlab.com/visermart/demo/product/pink-cotton-kurti-/thumb_673b3860d67c61731]
[i.pinimg.com/originals/d5/3b/01/d53b014d86a6b6761bf649a0ed813c2b.png]
[s.pinimg.com/webapp/gestalt-20bd2f7d5199bae7.css]
[s.pinimg.com/webapp/www/_/_/developer-tools/experiments-override-b6d35c0c0cbb0197.js]
[s.pinimg.com/webapp/www/_/_/developer-tools/gestalt-svg-inventory-80221227254315e5.js]
[s.pinimg.com/webapp/78180-a7ae46aa0f8660e5.js]
[s.pinimg.com/webapp/64577-e22b2f92c9e6a8d4.js]
[s.pinimg.com/webapp/96013-4397ad044c979ad0.js]
[s.pinimg.com/webapp/www/_/_/developer-tools/structured-feed-4e186bc6323eb2f1.js]
[s.pinimg.com/webapp/2931-a9f3bd4291914f0b.js]
[s.pinimg.com/webapp/55568-04e7fb267819c8cc.js]
[s.pinimg.com/webapp/23675-eee7d7efef54c9fb.js]
[s.pinimg.com/webapp/76668-e5684db6305ad598.js]
[s.pinimg.com/webapp/69603-b137b1f580893247.js]
[s.pinimg.com/webapp/8527-ee0ef9da21ecd9a0.js]
[s.pinimg.com/webapp/17816-89bbefe0526fe5db.js]
[s.pinimg.com/webapp/69027-89fc29fd42d62f80.js]
[s.pinimg.com/webapp/www/[username]-8614ed07805d0b8a.js]
[s.pinimg.com/webapp/www/[username]/_boards-32548fe8605109a4.js]
[s.pinimg.com/webapp/www/[username]/_collages-8caa0407248df8cb.js]
[s.pinimg.com/webapp/www/[username]/_created-174938eae2134dc0.js]
[s.pinimg.com/webapp/www/[username]/_followers-db34a464ba8d6186.js]
[s.pinimg.com/webapp/www/[username]/_following-6de47a1bbf05a259.js]
[s.pinimg.com/webapp/www/[username]/_pins-9a5dc331e13413f7.js]
[s.pinimg.com/webapp/www/[username]/_profile-70624446b21ebe12.js]
[s.pinimg.com/webapp/www/[username]/_profile/_created-57b57408f6cca600.js]
[s.pinimg.com/webapp/www/[username]/_profile/_saved-370833883569c060.js]
[s.pinimg.com/webapp/www/[username]/_saved-402fa733b2d6114d.js]
[s.pinimg.com/webapp/60805-6c184f2006c6e251.js]
[s.pinimg.com/webapp/71514-e6911e6e08943a39.js]
[s.pinimg.com/webapp/99792-98d33e5b5abeef8e.js]
[s.pinimg.com/webapp/29508-ce168a2ee3dfb0fa.js]
[s.pinimg.com/webapp/71782-658f6f1188e1a02e.js]
[s.pinimg.com/webapp/6314-c251c0bca75f6458.js]
[s.pinimg.com/webapp/82674-ac3b01034aa3d0d8.js]
[s.pinimg.com/webapp/15806-cc9625a1fe1bd099.js]
[s.pinimg.com/webapp/39520-903b8a4d46f9f898.js]
[s.pinimg.com/webapp/64833-d812fd22503be8a0.js]
[s.pinimg.com/webapp/10178-c1dc5ac24db4f3de.js]
[s.pinimg.com/webapp/98721-81503ec2d1a40a13.js]
[s.pinimg.com/webapp/43510-e93a3af05312070d.js]
[s.pinimg.com/webapp/97883-eef13a0f1ef30d25.js]
[s.pinimg.com/webapp/65924-9800637f12b3b52b.js]
[s.pinimg.com/webapp/www/[username]/[slug]-148511c4779ffe9b.css]
[s.pinimg.com/webapp/www/[username]/[slug]-72eed9f01f331350.js]
[s.pinimg.com/webapp/www/[username]/[slug]/_tools/more-ideas-78061add518ff024.js]
[s.pinimg.com/webapp/36367-633c673b5dec6b18.js]
[s.pinimg.com/webapp/81381-76e0ef6d5a874e19.js]
[s.pinimg.com/webapp/45691-49c5c04ee85eee06.js]
[s.pinimg.com/webapp/2752-b7564f777c80c79a.js]
[s.pinimg.com/webapp/www/[username]/[slug]/_tools/shop-70fa68f9be6045b5.js]
[s.pinimg.com/webapp/33390-27ae6919e93efea6.js]
[s.pinimg.com/webapp/www/[username]/[slug]/_tools/search-3269f2ffd365d519.js]
[s.pinimg.com/webapp/www/[username]/[slug]/[section_slug]-19bcc04c57ab5d32.js]
[s.pinimg.com/webapp/18153-70628fdfbb6e1930.js]
[s.pinimg.com/webapp/4001-ca715475b7ba2ace.js]
[s.pinimg.com/webapp/54056-aea353555dcb5d1d.js]
[s.pinimg.com/webapp/www/[username]/[slug]/[section_slug]/_tools/more-ideas-41c35591e8613adf.js]
[s.pinimg.com/webapp/39084-be61226af62de410.js]
[s.pinimg.com/webapp/www/[username]/[slug]/[section_slug]/_tools/organize-66652591a1f961f9.js]
[s.pinimg.com/webapp/www/[username]/[slug]/invite-c404f410895c53b4.js]
[s.pinimg.com/webapp/www/[username]/[slug]/more_ideas-4a7f7b0b5c29956f.js]
[s.pinimg.com/webapp/19092-89ab4d26941ea12c.js]
[s.pinimg.com/webapp/88483-51de04f0f0f08d07.js]
[s.pinimg.com/webapp/www/[username]/organize-209e4981c79c7a26.js]
[s.pinimg.com/webapp/98914-8ba74ca05ae99381.js]
[s.pinimg.com/webapp/www/[username]/pins-aba396b5fba3f433.js]
[s.pinimg.com/webapp/31788-9e4fb753f11f2b00.js]
[s.pinimg.com/webapp/www/[username]/report-097299dfe1c8e2df.js]
[s.pinimg.com/webapp/41285-84f73616b4afc1c1.js]
[s.pinimg.com/webapp/55738-825074c5f01ed3e0.js]
[s.pinimg.com/webapp/95539-1dcd626ac8481d55.js]
[s.pinimg.com/webapp/28495-85ff0b0f6a466d91.js]
[s.pinimg.com/webapp/15161-23d4a0c6bee11d45.js]
[s.pinimg.com/webapp/65494-bba0289e4cfdfaea.js]
[s.pinimg.com/webapp/www/[username]/scheduled-pin/[scheduled_pin_id]-4c41bcc3e45dd60c.css]
[s.pinimg.com/webapp/www/[username]/scheduled-pin/[scheduled_pin_id]-3aa19651e73ca12c.js]
[s.pinimg.com/webapp/www/[username]/scheduled-pins-2753ce891b9291b9.js]
[s.pinimg.com/webapp/www/[username]/story_pins-5a75869cc9d65e23.js]
[s.pinimg.com/webapp/www/[username]/topics-a95722d567bc1473.js]
[s.pinimg.com/webapp/www/[username]/tried-c9712fe5b49a3f6f.js]
[s.pinimg.com/webapp/www/[username]/video_pins-c304c2850a6df2b6.js]
[s.pinimg.com/webapp/89551-d9e127badaa1da0e.js]
[s.pinimg.com/webapp/61615-c4ad39fc6307db78.js]
[s.pinimg.com/webapp/www/about/[lawName]-d5b46aea152127bf.js]
[s.pinimg.com/webapp/www/about/content-claiming/application-68b3d3b79c54ebdb.js]
[s.pinimg.com/webapp/www/about/copyright/counter-notice-26d7c5b6a35b3637.js]
[s.pinimg.com/webapp/www/about/copyright/dmca-pin-a9f3bbbcfaa267bb.js]
[s.pinimg.com/webapp/www/about/copyright/dmca-pin/pin-9fa5f209537609b1.js]
[s.pinimg.com/webapp/www/about/copyright/dmca-pin/pin/[id]-619e453a6d447341.js]
[s.pinimg.com/webapp/www/about/copyright/dmca-pin/web-result/[id]-00a3da6ddeb0f5aa.js]
[s.pinimg.com/webapp/www/about/copyright/music-appeal-d2e0cc6b6ca52b69.js]
[s.pinimg.com/webapp/40194-94310c50a0e5fb3d.js]
[s.pinimg.com/webapp/www/about/radtc-4c41bcc3e45dd60c.css]
[s.pinimg.com/webapp/www/about/radtc-75aa1ceda9aff049.js]
[s.pinimg.com/webapp/18595-a9c49d8306505a81.js]
[s.pinimg.com/webapp/www/about/trademark-1e89a092d8b2063f.js]
[s.pinimg.com/webapp/www/about/trademark/[claimType]-89a89d5fb5ee3c15.js]
[s.pinimg.com/webapp/www/add-account-5100f7fe5ffa9edc.js]
[s.pinimg.com/webapp/www/age-appeal/confirmation-49098069dab0acd6.js]
[s.pinimg.com/webapp/www/age-appeal/redirect-d82cc2307ac51e4b.js]
[s.pinimg.com/webapp/36982-9ddbf032b0848b75.js]
[s.pinimg.com/webapp/54193-8bcd34511c1e9f51.js]
[s.pinimg.com/webapp/www/answers/[questionTerm]/[topic_id]-f5eb2700f820ef95.js]
[s.pinimg.com/webapp/34305-d38d322023e0bec3.js]
[s.pinimg.com/webapp/35290-7a1c284ef371f247.js]
[s.pinimg.com/webapp/9638-0620cb551903193e.js]
[s.pinimg.com/webapp/20256-d1efc07323f439e2.js]
[s.pinimg.com/webapp/19798-626b5f6b63fdd934.js]
[s.pinimg.com/webapp/66044-094741b62bd99cac.js]
[s.pinimg.com/webapp/32619-bd386b0f455150a1.js]
[s.pinimg.com/webapp/59570-dd6efdc077610e3b.js]
[s.pinimg.com/webapp/53242-bb6fc0d8130bb9e2.js]
[s.pinimg.com/webapp/8237-707f813c174b703d.js]
[s.pinimg.com/webapp/64351-4195ec63d767a1b0.js]
[s.pinimg.com/webapp/78473-781e58d67bbe36ab.js]
[s.pinimg.com/webapp/95369-6941c962d63e8e79.js]
[s.pinimg.com/webapp/68208-1ea1da72f2ec902c.js]
[s.pinimg.com/webapp/app-www-closeup-duplo-CloseupDetails-c968711253bfec1c.js]
[s.pinimg.com/webapp/77254-268844e4d530a957.js]
[s.pinimg.com/webapp/www/beauty-pin/[id]-d39dc1294a490711.js]
[s.pinimg.com/webapp/85759-ed50170143daf28e.js]
[s.pinimg.com/webapp/www/board/[id]/create_section-f201e04f694bf41b.js]
[s.pinimg.com/webapp/www/board/[id]/create_section/pins-c40adb711289f506.js]
[s.pinimg.com/webapp/91417-0532953a0aebb3ab.js]
[s.pinimg.com/webapp/63152-a51366366ce52b15.js]
[s.pinimg.com/webapp/20264-9119344c2775cab2.js]
[s.pinimg.com/webapp/www/board/[id]/edit-15ced464dc90a530.js]
[s.pinimg.com/webapp/www/board/[id]/edit/add_collaborators-302b12eabd4dfb62.js]
[s.pinimg.com/webapp/www/board/[id]/edit/collaborators-957fbed28bccdf49.js]
[s.pinimg.com/webapp/22068-efddfb0c3cd1e2d4.js]
[s.pinimg.com/webapp/30124-94cba5b0896423d7.js]
[s.pinimg.com/webapp/www/board/[id]/organize-7e1e9e9f50830929.js]
[s.pinimg.com/webapp/www/board/[id]/organize/add-5233d74aa62df399.js]
[s.pinimg.com/webapp/www/board/[id]/organize/repin-a1bf0b3c1e8f6945.js]
[s.pinimg.com/webapp/www/board/[id]/permissions-9fba8f89e1394844.js]
[s.pinimg.com/webapp/www/board/[id]/report-ec2fa19b295ac28b.js]
[s.pinimg.com/webapp/44942-af967609b31b6cb1.js]
[s.pinimg.com/webapp/4008-64b83b56cab15208.js]
[s.pinimg.com/webapp/www/board/create-bacb49a482a5fb12.js]
[s.pinimg.com/webapp/www/board/create/[pinId]-17bc6585870947ac.js]
[s.pinimg.com/webapp/33019-a8ae271980d70c94.js]
[s.pinimg.com/webapp/www/board/create/cluster/[clusterId]-2601f10d23a44f5e.js]
[s.pinimg.com/webapp/www/boardsection/[id]/organize/add-47df1099ec32887d.js]
[s.pinimg.com/webapp/www/boardsection/[id]/organize/repin-12fc74e83ea6b3e7.js]
[s.pinimg.com/webapp/27927-b9e27586dc4edd77.js]
[s.pinimg.com/webapp/70475-3f4fef2313bf20fd.js]
[s.pinimg.com/webapp/93525-3bb46e46e4915662.js]
[s.pinimg.com/webapp/99428-908d899ae4bd63a3.js]
[s.pinimg.com/webapp/57374-34a4bea58f9057c2.js]
[s.pinimg.com/webapp/48103-53bb502c0af52624.js]
[s.pinimg.com/webapp/43167-71038e3d856c92c9.js]
[s.pinimg.com/webapp/79158-bfa82832f4d37636.js]
[s.pinimg.com/webapp/78808-a813281ab2233708.js]
[s.pinimg.com/webapp/56697-ba01e13aef548d59.js]
[s.pinimg.com/webapp/43147-f198f341f2e024d7.js]
[s.pinimg.com/webapp/4573-411fad3f45e0bf50.js]
[s.pinimg.com/webapp/24325-5ec0e6477a88e633.js]
[s.pinimg.com/webapp/7456-39732a15cc65e6bd.js]
[s.pinimg.com/webapp/13962-236c13d880110df7.js]
[s.pinimg.com/webapp/19863-6e335ddef90cea55.js]
[s.pinimg.com/webapp/93809-d522887fe168ffc8.js]
[s.pinimg.com/webapp/7444-de9862698d183ede.js]
[s.pinimg.com/webapp/www/business/business-hierarchy/[businessHierarchyId]/business_security-dfcde6042b076e78.css]
[s.pinimg.com/webapp/www/business/business-hierarchy/[businessHierarchyId]/business_security-d79e11a43fb07787.js]
[s.pinimg.com/webapp/14356-4f620ac0fa76d584.js]
[s.pinimg.com/webapp/70584-188a19f6c4e1719f.js]
[s.pinimg.com/webapp/2451-e6b46bbf9b217b4a.js]
[s.pinimg.com/webapp/57736-b739d5efd95fa71f.js]
[s.pinimg.com/webapp/12613-0802baf720d717cc.js]
[s.pinimg.com/webapp/9815-38132a06a1dc623e.js]
[s.pinimg.com/webapp/42057-622c8d8a101ac8f9.js]
[s.pinimg.com/webapp/15110-3289cc4089c65ca3.js]
[s.pinimg.com/webapp/2704-8ac65187594db8b8.js]
[s.pinimg.com/webapp/www/business/business-hierarchy/[businessHierarchyId]/dashboard-1dfae87ff24b9a3a.css]
[s.pinimg.com/webapp/www/business/business-hierarchy/[businessHierarchyId]/dashboard-104b772ee928a774.js]
[s.pinimg.com/webapp/45489-d2bbbb595046248e.js]
[s.pinimg.com/webapp/70955-ea6eecd2b996b233.js]
[s.pinimg.com/webapp/www/business/business-hierarchy/[businessHierarchyId]/hierarchy-dfcde6042b076e78.css]
[s.pinimg.com/webapp/www/business/business-hierarchy/[businessHierarchyId]/hierarchy-c12864854d28262e.js]
[s.pinimg.com/webapp/www/business/business-hierarchy/[businessHierarchyId]/managers-dfcde6042b076e78.css]
[s.pinimg.com/webapp/www/business/business-hierarchy/[businessHierarchyId]/managers-6dcdacb4d4dafe6b.js]
[s.pinimg.com/webapp/www/business/business-manager-dfcde6042b076e78.css]
[s.pinimg.com/webapp/www/business/business-manager-66dedd230b8ece6e.js]
[s.pinimg.com/webapp/www/business/business-manager/[userBizId]-dfcde6042b076e78.css]
[s.pinimg.com/webapp/www/business/business-manager/[userBizId]-f7a90c400a82bf62.js]
[s.pinimg.com/webapp/62394-0f5b54492c0104d2.js]
[s.pinimg.com/webapp/www/business/business-manager/[userBizId]/ad-accounts-dfcde6042b076e78.css]
[s.pinimg.com/webapp/www/business/business-manager/[userBizId]/ad-accounts-81c1101c9fbe9094.js]
[s.pinimg.com/webapp/14349-29e770c9d93e10b3.js]
[s.pinimg.com/webapp/68534-29376b00057f87bb.js]
[s.pinimg.com/webapp/www/business/business-manager/[userBizId]/ad-accounts/[detailId]/details-dfcde6042b076e78.css]
[s.pinimg.com/webapp/www/business/business-manager/[userBizId]/ad-accounts/[detailId]/details-043b17f0d56f1c4f.js]
[s.pinimg.com/webapp/www/business/business-manager/[userBizId]/ad-accounts/cee-migration-dfcde6042b076e78.css]
[s.pinimg.com/webapp/www/business/business-manager/[userBizId]/ad-accounts/cee-migration-b95493dc85c056fd.js]
[s.pinimg.com/webapp/www/business/business-manager/[userBizId]/ad-accounts/pending-dfcde6042b076e78.css]
[s.pinimg.com/webapp/www/business/business-manager/[userBizId]/ad-accounts/pending-8fce4858d5ca160a.js]
[s.pinimg.com/webapp/www/business/business-manager/[userBizId]/ad-accounts/pending/[detailId]/details-dfcde6042b076e78.css]
[s.pinimg.com/webapp/www/business/business-manager/[userBizId]/ad-accounts/pending/[detailId]/details-7b1039e773cb8abe.js]
[s.pinimg.com/webapp/www/business/business-manager/[userBizId]/apps-dfcde6042b076e78.css]
[s.pinimg.com/webapp/www/business/business-manager/[userBizId]/apps-9bbe3e8d3f926754.js]
[s.pinimg.com/webapp/www/business/business-manager/[userBizId]/asset-groups-dfcde6042b076e78.css]
[s.pinimg.com/webapp/www/business/business-manager/[userBizId]/asset-groups-15cf979e23b7108d.js]
[s.pinimg.com/webapp/www/business/business-manager/[userBizId]/audiences-dfcde6042b076e78.css]
[s.pinimg.com/webapp/www/business/business-manager/[userBizId]/audiences-a02b529b61fe4ee8.js]
[s.pinimg.com/webapp/www/business/business-manager/[userBizId]/brand-safety-dfcde6042b076e78.css]
[s.pinimg.com/webapp/www/business/business-manager/[userBizId]/brand-safety-4019e34cefa47f6c.js]
[s.pinimg.com/webapp/83640-9e01453f59cc657e.js]
[s.pinimg.com/webapp/www/business/business-manager/[userBizId]/catalogs-dfcde6042b076e78.css]
[s.pinimg.com/webapp/www/business/business-manager/[userBizId]/catalogs-73011e54f1ce69ad.js]
[s.pinimg.com/webapp/www/business/business-manager/[userBizId]/catalogs/[detailId]/details-dfcde6042b076e78.css]
[s.pinimg.com/webapp/www/business/business-manager/[userBizId]/catalogs/[detailId]/details-bdc8d4b9432c8dcf.js]
[s.pinimg.com/webapp/44310-36baccb540a4df2a.js]
[s.pinimg.com/webapp/www/business/business-manager/[userBizId]/conversion-data-dfcde6042b076e78.css]
[s.pinimg.com/webapp/www/business/business-manager/[userBizId]/conversion-data-443a5bae2ab820d7.js]
[s.pinimg.com/webapp/www/business/business-manager/[userBizId]/dashboard-1dfae87ff24b9a3a.css]
[s.pinimg.com/webapp/www/business/business-manager/[userBizId]/dashboard-a6b3a5c068a44bc4.js]
[s.pinimg.com/webapp/42486-98982cce499c9ede.js]
[s.pinimg.com/webapp/63729-16dcfad6db91ef78.js]
[s.pinimg.com/webapp/www/business/business-manager/[userBizId]/employees-dfcde6042b076e78.css]
[s.pinimg.com/webapp/www/business/business-manager/[userBizId]/employees-fb0f222618b88ae1.js]
[s.pinimg.com/webapp/24038-e9640c6a82a9770d.js]
[s.pinimg.com/webapp/www/business/business-manager/[userBizId]/employees/[detailId]/details-dfcde6042b076e78.css]
[s.pinimg.com/webapp/www/business/business-manager/[userBizId]/employees/[detailId]/details-df2ae9bf202d31b5.js]
[s.pinimg.com/webapp/www/business/business-manager/[userBizId]/employees/inactive-dfcde6042b076e78.css]
[s.pinimg.com/webapp/www/business/business-manager/[userBizId]/employees/inactive-baece5c637951234.js]
[s.pinimg.com/webapp/www/business/business-manager/[userBizId]/employees/inactive/[detailId]/details-dfcde6042b076e78.css]
[s.pinimg.com/webapp/www/business/business-manager/[userBizId]/employees/inactive/[detailId]/details-87fdf00852b514d0.js]
[s.pinimg.com/webapp/www/business/business-manager/[userBizId]/employees/pending-dfcde6042b076e78.css]
[s.pinimg.com/webapp/www/business/business-manager/[userBizId]/employees/pending-e7fdbbe8631e077c.js]
[s.pinimg.com/webapp/98660-0c56494262c05f4a.js]
[s.pinimg.com/webapp/91707-6ebcd56cbb07b1be.js]
[s.pinimg.com/webapp/89845-32f7b5980d703960.js]
[s.pinimg.com/webapp/www/business/business-manager/[userBizId]/history-4c41bcc3e45dd60c.css]
[s.pinimg.com/webapp/www/business/business-manager/[userBizId]/history-0394385d25961d5b.js]
[s.pinimg.com/webapp/www/business/business-manager/[userBizId]/invoice-management-4c41bcc3e45dd60c.css]
[s.pinimg.com/webapp/www/business/business-manager/[userBizId]/invoice-management-28b58db7dc939585.js]
[s.pinimg.com/webapp/21528-0ef9e3a68306cd41.js]
[s.pinimg.com/webapp/15956-c623e61cd97ab60e.js]
[s.pinimg.com/webapp/12649-62cc3585dd0318be.js]
[s.pinimg.com/webapp/www/business/business-manager/[userBizId]/media-network-hub/dashboard-4c41bcc3e45dd60c.css]
[s.pinimg.com/webapp/www/business/business-manager/[userBizId]/media-network-hub/dashboard-328fb0d46adba23c.js]
[s.pinimg.com/webapp/14153-d397209b5d0a8aee.js]
[s.pinimg.com/webapp/www/business/business-manager/[userBizId]/partners-dfcde6042b076e78.css]
[s.pinimg.com/webapp/www/business/business-manager/[userBizId]/partners-782a00fc59260e12.js]
[s.pinimg.com/webapp/30097-64e772898e82406a.js]
[s.pinimg.com/webapp/www/business/business-manager/[userBizId]/partners/[detailId]/details-dfcde6042b076e78.css]
[s.pinimg.com/webapp/www/business/business-manager/[userBizId]/partners/[detailId]/details-fb698d32d34606c4.js]
[s.pinimg.com/webapp/www/business/business-manager/[userBizId]/partners/pending-dfcde6042b076e78.css]
[s.pinimg.com/webapp/www/business/business-manager/[userBizId]/partners/pending-4e959f76dfde0b23.js]
[s.pinimg.com/webapp/www/business/business-manager/[userBizId]/profiles-dfcde6042b076e78.css]
[s.pinimg.com/webapp/www/business/business-manager/[userBizId]/profiles-12afe61ada8d7914.js]
[s.pinimg.com/webapp/www/business/business-manager/[userBizId]/profiles/[detailId]/details-dfcde6042b076e78.css]
[s.pinimg.com/webapp/www/business/business-manager/[userBizId]/profiles/[detailId]/details-51a5b862a5eb1266.js]
[s.pinimg.com/webapp/www/business/business-manager/[userBizId]/reporting-and-analytics-4c41bcc3e45dd60c.css]
[s.pinimg.com/webapp/www/business/business-manager/[userBizId]/reporting-and-analytics-ddb622b935960cc9.js]
[s.pinimg.com/webapp/www/business/business-manager/[userBizId]/security-dfcde6042b076e78.css]
[s.pinimg.com/webapp/www/business/business-manager/[userBizId]/security-2b27d338d14a54f3.js]
[s.pinimg.com/webapp/www/business/business-manager/[userBizId]/settings-dfcde6042b076e78.css]
[s.pinimg.com/webapp/www/business/business-manager/[userBizId]/settings-785328bd87b76cc7.js]
[s.pinimg.com/webapp/www/business/business-manager/[userBizId]/shared-tags-dfcde6042b076e78.css]
[s.pinimg.com/webapp/www/business/business-manager/[userBizId]/shared-tags-64941be76e47fa99.js]
[s.pinimg.com/webapp/www/business/business-manager/[userBizId]/shared/[detailId]/details-dfcde6042b076e78.css]
[s.pinimg.com/webapp/www/business/business-manager/[userBizId]/shared/[detailId]/details-40fc7f40f15c5935.js]
[s.pinimg.com/webapp/www/business/business-manager/[userBizId]/system-users-dfcde6042b076e78.css]
[s.pinimg.com/webapp/www/business/business-manager/[userBizId]/system-users-e5fc4c6a449def90.js]
[s.pinimg.com/webapp/74090-af65e1032aea0f44.js]
[s.pinimg.com/webapp/71839-01d9431b5f6e20c9.js]
[s.pinimg.com/webapp/6533-76716d85fa517cb3.js]
[s.pinimg.com/webapp/24439-2772ff440061c479.js]
[s.pinimg.com/webapp/www/business/catalogs-6384adea5780b4d1.css]
[s.pinimg.com/webapp/www/business/catalogs-b958139a180daaf0.js]
[s.pinimg.com/webapp/www/business/catalogs/[catalog_id]/add-items-6384adea5780b4d1.css]
[s.pinimg.com/webapp/www/business/catalogs/[catalog_id]/add-items-c80120b002c1c550.js]
[s.pinimg.com/webapp/www/business/catalogs/[catalog_id]/bulk-6384adea5780b4d1.css]
[s.pinimg.com/webapp/www/business/catalogs/[catalog_id]/bulk-c00ba50bb8e70da4.js]
[s.pinimg.com/webapp/www/business/catalogs/[catalog_id]/data-sources-6384adea5780b4d1.css]
[s.pinimg.com/webapp/www/business/catalogs/[catalog_id]/data-sources-1cdbf0e495028d99.js]
[s.pinimg.com/webapp/www/business/catalogs/[catalog_id]/data-sources/[feed_profile_id]-6384adea5780b4d1.css]
[s.pinimg.com/webapp/www/business/catalogs/[catalog_id]/data-sources/[feed_profile_id]-1520993ab628571e.js]
[s.pinimg.com/webapp/www/business/catalogs/[catalog_id]/data-sources/[feed_profile_id]/detail-6384adea5780b4d1.css]
[s.pinimg.com/webapp/www/business/catalogs/[catalog_id]/data-sources/[feed_profile_id]/detail-bffd6f389b960f20.js]
[s.pinimg.com/webapp/www/business/catalogs/[catalog_id]/data-sources/[feed_profile_id]/trends-6384adea5780b4d1.css]
[s.pinimg.com/webapp/www/business/catalogs/[catalog_id]/data-sources/[feed_profile_id]/trends-57a0c3d7f4789e55.js]
[s.pinimg.com/webapp/www/business/catalogs/[catalog_id]/data-sources/[feed_profile_id]/workflows/[workflow_id]-6384adea5780b4d1.css]
[s.pinimg.com/webapp/www/business/catalogs/[catalog_id]/data-sources/[feed_profile_id]/workflows/[workflow_id]-de9ebb682eb35e32.js]
[s.pinimg.com/webapp/www/business/catalogs/[catalog_id]/data-sources/[feed_profile_id]/workflows/[workflow_id]/alert/[event_type_id]-6384adea5780b4d1.css]
[s.pinimg.com/webapp/www/business/catalogs/[catalog_id]/data-sources/[feed_profile_id]/workflows/[workflow_id]/alert/[event_type_id]-c8879c7867eefb9f.js]
[s.pinimg.com/webapp/www/business/catalogs/[catalog_id]/data-sources/api/detail-6384adea5780b4d1.css]
[s.pinimg.com/webapp/www/business/catalogs/[catalog_id]/data-sources/api/detail-a7c43ebe6dce0e26.js]
[s.pinimg.com/webapp/www/business/catalogs/[catalog_id]/data-sources/regions-6384adea5780b4d1.css]
[s.pinimg.com/webapp/www/business/catalogs/[catalog_id]/data-sources/regions-8cf7b2f257c9b6ef.js]
[s.pinimg.com/webapp/www/business/catalogs/[catalog_id]/data-sources/stores-6384adea5780b4d1.css]
[s.pinimg.com/webapp/www/business/catalogs/[catalog_id]/data-sources/stores-40c807f7b64d7a5b.js]
[s.pinimg.com/webapp/www/business/catalogs/[catalog_id]/data-sources/supplemental/[supplemental_feed_profile_id]-6384adea5780b4d1.css]
[s.pinimg.com/webapp/www/business/catalogs/[catalog_id]/data-sources/supplemental/[supplemental_feed_profile_id]-70762538955add81.js]
[s.pinimg.com/webapp/www/business/catalogs/[catalog_id]/data-sources/supplemental/[supplemental_feed_profile_id]/detail-6384adea5780b4d1.css]
[s.pinimg.com/webapp/www/business/catalogs/[catalog_id]/data-sources/supplemental/[supplemental_feed_profile_id]/detail-08761273783cf594.js]
[s.pinimg.com/webapp/www/business/catalogs/[catalog_id]/data-sources/supplemental/[supplemental_feed_profile_id]/workflows/[workflow_id]-6384adea5780b4d1.css]
[s.pinimg.com/webapp/www/business/catalogs/[catalog_id]/data-sources/supplemental/[supplemental_feed_profile_id]/workflows/[workflow_id]-577b934e2bdf4dff.js]
[s.pinimg.com/webapp/www/business/catalogs/[catalog_id]/data-sources/supplemental/[supplemental_feed_profile_id]/workflows/[workflow_id]/alert/[event_type_id]-6384adea5780b4d1.css]
[s.pinimg.com/webapp/www/business/catalogs/[catalog_id]/data-sources/supplemental/[supplemental_feed_profile_id]/workflows/[workflow_id]/alert/[event_type_id]-db2c67b6de2c97f0.js]
[s.pinimg.com/webapp/www/business/catalogs/[catalog_id]/diagnostics-6384adea5780b4d1.css]
[s.pinimg.com/webapp/www/business/catalogs/[catalog_id]/diagnostics-f2cb0ab4bc1f442e.js]
[s.pinimg.com/webapp/www/business/catalogs/[catalog_id]/diagnosticsv2-6384adea5780b4d1.css]
[s.pinimg.com/webapp/www/business/catalogs/[catalog_id]/diagnosticsv2-e91d70b7d08f768d.js]
[s.pinimg.com/webapp/www/business/catalogs/[catalog_id]/listings-6384adea5780b4d1.css]
[s.pinimg.com/webapp/www/business/catalogs/[catalog_id]/listings-a9b5a1b5a144c281.js]
[s.pinimg.com/webapp/www/business/catalogs/[catalog_id]/pins-6384adea5780b4d1.css]
[s.pinimg.com/webapp/www/business/catalogs/[catalog_id]/pins-ce90581d4c43e1d3.js]
[s.pinimg.com/webapp/www/business/catalogs/[catalog_id]/product-groups-6384adea5780b4d1.css]
[s.pinimg.com/webapp/www/business/catalogs/[catalog_id]/product-groups-77dfc69290cd2571.js]
[s.pinimg.com/webapp/www/business/catalogs/[catalog_id]/product-groups/[product_group_id]-6384adea5780b4d1.css]
[s.pinimg.com/webapp/www/business/catalogs/[catalog_id]/product-groups/[product_group_id]-643841cfd7e401d4.js]
[s.pinimg.com/webapp/www/business/catalogs/[catalog_id]/product-groups/bulk-6384adea5780b4d1.css]
[s.pinimg.com/webapp/www/business/catalogs/[catalog_id]/product-groups/bulk-66508dce78ca6e1f.js]
[s.pinimg.com/webapp/www/business/catalogs/[catalog_id]/product-groups/create-6384adea5780b4d1.css]
[s.pinimg.com/webapp/www/business/catalogs/[catalog_id]/product-groups/create-f9e5581d1b1f0910.js]
[s.pinimg.com/webapp/www/business/catalogs/[catalog_id]/product-groups/create/[product_group_id]-6384adea5780b4d1.css]
[s.pinimg.com/webapp/www/business/catalogs/[catalog_id]/product-groups/create/[product_group_id]-66de1b7339fe014e.js]
[s.pinimg.com/webapp/www/business/catalogs/[catalog_id]/product-groups/edit/[product_group_id]-6384adea5780b4d1.css]
[s.pinimg.com/webapp/www/business/catalogs/[catalog_id]/product-groups/edit/[product_group_id]-7352397f19a50a53.js]
[s.pinimg.com/webapp/www/business/catalogs/[catalog_id]/product-listings-6384adea5780b4d1.css]
[s.pinimg.com/webapp/www/business/catalogs/[catalog_id]/product-listings-f54e042d93c60298.js]
[s.pinimg.com/webapp/www/business/catalogs/[catalog_id]/products-6384adea5780b4d1.css]
[s.pinimg.com/webapp/www/business/catalogs/[catalog_id]/products-036e326743e30022.js]
[s.pinimg.com/webapp/www/business/catalogs/[catalog_id]/trends-6384adea5780b4d1.css]
[s.pinimg.com/webapp/www/business/catalogs/[catalog_id]/trends-31ec0c4fda0b09cf.js]
[s.pinimg.com/webapp/www/business/catalogs/add-items-6384adea5780b4d1.css]
[s.pinimg.com/webapp/www/business/catalogs/add-items-e788649c6bbd48b0.js]
[s.pinimg.com/webapp/www/business/catalogs/asset-profiles/[asset_profile_id]/detail-6384adea5780b4d1.css]
[s.pinimg.com/webapp/www/business/catalogs/asset-profiles/[asset_profile_id]/detail-8a49c5a286f0bad5.js]
[s.pinimg.com/webapp/www/business/catalogs/assets/exports/[asset_type]-6384adea5780b4d1.css]
[s.pinimg.com/webapp/www/business/catalogs/assets/exports/[asset_type]-e5834ddd8cbdaef4.js]
[s.pinimg.com/webapp/www/business/catalogs/bulk-6384adea5780b4d1.css]
[s.pinimg.com/webapp/www/business/catalogs/bulk-989bc8067b8e0bac.js]
[s.pinimg.com/webapp/www/business/catalogs/creative-overlays-6384adea5780b4d1.css]
[s.pinimg.com/webapp/www/business/catalogs/creative-overlays-d28c72aa27a2e64b.js]
[s.pinimg.com/webapp/www/business/catalogs/data-sources-6384adea5780b4d1.css]
[s.pinimg.com/webapp/www/business/catalogs/data-sources-22424a7d5e2d0424.js]
[s.pinimg.com/webapp/www/business/catalogs/diagnostics-6384adea5780b4d1.css]
[s.pinimg.com/webapp/www/business/catalogs/diagnostics-afa2367780ea1cd8.js]
[s.pinimg.com/webapp/www/business/catalogs/diagnosticsv2-6384adea5780b4d1.css]
[s.pinimg.com/webapp/www/business/catalogs/diagnosticsv2-b2896b2b0cbf1a2a.js]
[s.pinimg.com/webapp/www/business/catalogs/enhancements-6384adea5780b4d1.css]
[s.pinimg.com/webapp/www/business/catalogs/enhancements-210b00d0489e57ed.js]
[s.pinimg.com/webapp/www/business/catalogs/enhancements/list-6384adea5780b4d1.css]
[s.pinimg.com/webapp/www/business/catalogs/enhancements/list-5077a04253002e78.js]
[s.pinimg.com/webapp/www/business/catalogs/enhancements/previews-6384adea5780b4d1.css]
[s.pinimg.com/webapp/www/business/catalogs/enhancements/previews-f20bd51aba735fd9.js]
[s.pinimg.com/webapp/www/business/catalogs/enhancements/view-6384adea5780b4d1.css]
[s.pinimg.com/webapp/www/business/catalogs/enhancements/view-a8284052bb1e65d9.js]
[s.pinimg.com/webapp/www/business/catalogs/listings-6384adea5780b4d1.css]
[s.pinimg.com/webapp/www/business/catalogs/listings-e21060804c65d4db.js]
[s.pinimg.com/webapp/www/business/catalogs/markets-6384adea5780b4d1.css]
[s.pinimg.com/webapp/www/business/catalogs/markets-03982f8bd3932f36.js]
[s.pinimg.com/webapp/www/business/catalogs/markets/[country]-6384adea5780b4d1.css]
[s.pinimg.com/webapp/www/business/catalogs/markets/[country]-0cc81a2e72e8bccd.js]
[s.pinimg.com/webapp/www/business/catalogs/markets/setup-6384adea5780b4d1.css]
[s.pinimg.com/webapp/www/business/catalogs/markets/setup-6eb4322fe989b068.js]
[s.pinimg.com/webapp/www/business/catalogs/media-network-catalogs-6384adea5780b4d1.css]
[s.pinimg.com/webapp/www/business/catalogs/media-network-catalogs-9687f80656104a80.js]
[s.pinimg.com/webapp/www/business/catalogs/media-network-catalogs/[catalog_id]/detail-6384adea5780b4d1.css]
[s.pinimg.com/webapp/www/business/catalogs/media-network-catalogs/[catalog_id]/detail-75000ca42c4d7f0c.js]
[s.pinimg.com/webapp/www/business/catalogs/media-network-catalogs/[catalog_id]/product-groups/[product_group_id]-6384adea5780b4d1.css]
[s.pinimg.com/webapp/www/business/catalogs/media-network-catalogs/[catalog_id]/product-groups/[product_group_id]-cc07babab283a5a0.js]
[s.pinimg.com/webapp/www/business/catalogs/overview-6384adea5780b4d1.css]
[s.pinimg.com/webapp/www/business/catalogs/overview-8d9fa724bc29be97.js]
[s.pinimg.com/webapp/www/business/catalogs/pins-6384adea5780b4d1.css]
[s.pinimg.com/webapp/www/business/catalogs/pins-e4e433c867ae39c3.js]
[s.pinimg.com/webapp/www/business/catalogs/product-groups-6384adea5780b4d1.css]
[s.pinimg.com/webapp/www/business/catalogs/product-groups-791a4a4f3745da46.js]
[s.pinimg.com/webapp/www/business/catalogs/product-listings-6384adea5780b4d1.css]
[s.pinimg.com/webapp/www/business/catalogs/product-listings-85c72c20d6952d21.js]
[s.pinimg.com/webapp/www/business/catalogs/products-6384adea5780b4d1.css]
[s.pinimg.com/webapp/www/business/catalogs/products-31ba9643fe78797c.js]
[s.pinimg.com/webapp/www/business/catalogs/promotions-6384adea5780b4d1.css]
[s.pinimg.com/webapp/www/business/catalogs/promotions-5ff792b5dcade996.js]
[s.pinimg.com/webapp/www/business/catalogs/promotions/history-6384adea5780b4d1.css]
[s.pinimg.com/webapp/www/business/catalogs/promotions/history-04d4635b98b9aa39.js]
[s.pinimg.com/webapp/www/business/catalogs/trends-6384adea5780b4d1.css]
[s.pinimg.com/webapp/www/business/catalogs/trends-8725885a1b01dd31.js]
[s.pinimg.com/webapp/92681-274fe3d79592a242.js]
[s.pinimg.com/webapp/60418-4358aa87e6b8c9d9.js]
[s.pinimg.com/webapp/16069-97e5c338e03ef7de.js]
[s.pinimg.com/webapp/15031-3df77a690fe24e8d.js]
[s.pinimg.com/webapp/56826-f82cf231c267544a.js]
[s.pinimg.com/webapp/60660-3e98bd3253492b00.js]
[s.pinimg.com/webapp/42383-ee953384a8ed5927.js]
[s.pinimg.com/webapp/www/business/convert-0035b11db523cb3f.css]
[s.pinimg.com/webapp/www/business/convert-a6b7e1e112638fa0.js]
[s.pinimg.com/webapp/38129-b973229168522332.js]
[s.pinimg.com/webapp/63904-b70ac691101700ee.js]
[s.pinimg.com/webapp/www/business/convert/start-69f18a688a6699f6.js]
[s.pinimg.com/webapp/www/business/create-0035b11db523cb3f.css]
[s.pinimg.com/webapp/www/business/create-6e85d8e6005c06bb.js]
[s.pinimg.com/webapp/66321-e8476069d6b49cd2.js]
[s.pinimg.com/webapp/www/business/creator-content-a6085cde0b115be3.js]
[s.pinimg.com/webapp/www/business/creator-content/creators/[username]-264bf82985c1a2f5.js]
[s.pinimg.com/webapp/70484-b819e123a89a6b17.js]
[s.pinimg.com/webapp/96130-d8e1ab649803bbbf.js]
[s.pinimg.com/webapp/65546-33432e07730a0d33.js]
[s.pinimg.com/webapp/62841-51fdf8b3544586d9.js]
[s.pinimg.com/webapp/17155-8704910321c29d06.js]
[s.pinimg.com/webapp/49834-77535a143d2fbe2a.js]
[s.pinimg.com/webapp/7228-8f0ee16d7aaf0a1d.js]
[s.pinimg.com/webapp/20738-d700a31e1093fbff.js]
[s.pinimg.com/webapp/93223-cb55910e7d09ab18.js]
[s.pinimg.com/webapp/57796-e19ad3eec82c47f1.js]
[s.pinimg.com/webapp/72563-2037ff57d54a7eac.js]
[s.pinimg.com/webapp/65512-1f0e026dca75e1d4.js]
[s.pinimg.com/webapp/www/business/hub-6384adea5780b4d1.css]
[s.pinimg.com/webapp/www/business/hub-52318fa839753274.js]
[s.pinimg.com/webapp/82475-12d2b51af3f221c6.js]
[s.pinimg.com/webapp/www/business/invite/[inviteCode]-4c41bcc3e45dd60c.css]
[s.pinimg.com/webapp/www/business/invite/[inviteCode]-898a11b52592c1c4.js]
[s.pinimg.com/webapp/52835-c5fb7d7c0909cf31.js]
[s.pinimg.com/webapp/43253-3331e1ba3baf9353.js]
[s.pinimg.com/webapp/52512-3fde90aacd21e53c.js]
[s.pinimg.com/webapp/www/business/login-0035b11db523cb3f.css]
[s.pinimg.com/webapp/www/business/login-106c4ac6383075da.js]
[s.pinimg.com/webapp/www/business/marketing-plan-1ed4a6019d098e55.js]
[s.pinimg.com/webapp/66238-9356ae9ea0d527ac.js]
[s.pinimg.com/webapp/www/business/media-library/[userBizId]-17c85bce8aa77b76.css]
[s.pinimg.com/webapp/www/business/media-library/[userBizId]-6e8213be6243d605.js]
[s.pinimg.com/webapp/60265-fc8be9d3c8bd8327.js]
[s.pinimg.com/webapp/www/business/onboarding-0d4f076ca7757478.js]
[s.pinimg.com/webapp/62851-d23a70b03b85cb55.js]
[s.pinimg.com/webapp/www/business/signup-bdf85a8ed45acbe4.js]
[s.pinimg.com/webapp/www/business/signup/[step]-404dfadd960b535d.js]
[s.pinimg.com/webapp/www/business/switch-account-0035b11db523cb3f.css]
[s.pinimg.com/webapp/www/business/switch-account-38bd9e6b5c033f93.js]
[s.pinimg.com/webapp/47924-abab152c5ed62233.js]
[s.pinimg.com/webapp/www/business/update-0035b11db523cb3f.css]
[s.pinimg.com/webapp/www/business/update-94bf9f823230f4da.js]
[s.pinimg.com/webapp/5426-2c638077ebb1f1c7.js]
[s.pinimg.com/webapp/www/close-account-05a78638635d659c.js]
[s.pinimg.com/webapp/www/color-seasons-3ca7c0549f8030da.css]
[s.pinimg.com/webapp/www/color-seasons-034c3c3ff16c396b.js]
[s.pinimg.com/webapp/www/content-claiming-456bc0548adc2733.js]
[s.pinimg.com/webapp/96420-46f92a7d35dfaa6b.js]
[s.pinimg.com/webapp/88578-87b2826df0bcc130.js]
[s.pinimg.com/webapp/96018-002259363bbc81b2.js]
[s.pinimg.com/webapp/67397-ab66314e0d6be28d.js]
[s.pinimg.com/webapp/90743-6f691ea60eff09f6.js]
[s.pinimg.com/webapp/www/conversation/[conversation_id]-988182228e64347e.js]
[s.pinimg.com/webapp/www/conversation/[conversation_id]/settings-2c91147a7d4f599c.js]
[s.pinimg.com/webapp/www/convert-business-ec4b834eeeb7e6db.js]
[s.pinimg.com/webapp/www/convert-personal-ac9582599123909b.js]
[s.pinimg.com/webapp/www/copyright-reporting/[username]-904adcec481f533b.js]
[s.pinimg.com/webapp/www/crafts-pin/[id]-7850a47bec4b332e.js]
[s.pinimg.com/webapp/www/create-business-0f4ee28d88b82166.js]
[s.pinimg.com/webapp/72042-15f94d6743809352.js]
[s.pinimg.com/webapp/94811-d93423e664087fd3.js]
[s.pinimg.com/webapp/96157-24201e4d6c6d08ff.js]
[s.pinimg.com/webapp/www/create-personal-c91a898bbf8e8b21.js]
[s.pinimg.com/webapp/18656-52472e2ef335e6da.js]
[s.pinimg.com/webapp/www/creator-onboarding-landing-ee0ef3591574e76c.js]
[s.pinimg.com/webapp/www/deactivate-account-45bf8ffc463bfbc9.js]
[s.pinimg.com/webapp/6027-6a59649ea4ac0405.js]
[s.pinimg.com/webapp/8710-b008c0eac9ced4db.js]
[s.pinimg.com/webapp/7640-8b56727ded1dcc72.js]
[s.pinimg.com/webapp/4268-d1e4fbdf974beac2.js]
[s.pinimg.com/webapp/19792-2339f3656cc66e37.js]
[s.pinimg.com/webapp/www/edit-0bb5edeb0af0444b.js]
[s.pinimg.com/webapp/www/edit/[page]-d12c698c8bd1efe0.js]
[s.pinimg.com/webapp/www/email/remove-b8cc569f3c0e5406.js]
[s.pinimg.com/webapp/www/email/subscription-0035b11db523cb3f.css]
[s.pinimg.com/webapp/www/email/subscription-6235c704e21e304e.js]
[s.pinimg.com/webapp/www/engagement-332c55de9906e146.js]
[s.pinimg.com/webapp/www/engagement/[page]-ca432f53844ac441.js]
[s.pinimg.com/webapp/www/for-you/[boardId]-76993ec3bfd4bb84.js]
[s.pinimg.com/webapp/www/halloween-pin/[id]-e0afbca7c77b7a52.js]
[s.pinimg.com/webapp/41353-3c70f91dc42f0609.js]
[s.pinimg.com/webapp/35648-efaa0083dd6f97ae.js]
[s.pinimg.com/webapp/18167-066e37e8475c42ca.js]
[s.pinimg.com/webapp/98831-73cc07f4f99c12cf.js]
[s.pinimg.com/webapp/2788-c055fdea8d45d13e.js]
[s.pinimg.com/webapp/www/homefeed-c37fbf70fd734834.js]
[s.pinimg.com/webapp/www/homefeed/debug-2075dde1571e1693.js]
[s.pinimg.com/webapp/44175-c3026918a3137bb1.js]
[s.pinimg.com/webapp/40968-9fbe0512316fa879.js]
[s.pinimg.com/webapp/17112-e47057ba54fbdfc0.js]
[s.pinimg.com/webapp/20834-7f253c65d7f4dd1b.js]
[s.pinimg.com/webapp/1028-0ce5858b90fa822a.js]
[s.pinimg.com/webapp/9068-5882e380a86a577e.js]
[s.pinimg.com/webapp/34358-04539c5823bd8bba.js]
[s.pinimg.com/webapp/16075-4bc42516a72653bd.js]
[s.pinimg.com/webapp/77604-a1979e4069126850.js]
[s.pinimg.com/webapp/52786-f206d1490589a3eb.js]
[s.pinimg.com/webapp/68714-eec268ed123ba8af.js]
[s.pinimg.com/webapp/14603-2b98ef02c140fc63.js]
[s.pinimg.com/webapp/68997-d31c24acf2998b43.js]
[s.pinimg.com/webapp/99365-cb9b9ff7f1017ff0.js]
[s.pinimg.com/webapp/www/idea-ads-tool-af36fafa5f2a03d9.css]
[s.pinimg.com/webapp/www/idea-ads-tool-3bff6ff534f1da7d.js]
[s.pinimg.com/webapp/www/idea-pin-builder-af36fafa5f2a03d9.css]
[s.pinimg.com/webapp/www/idea-pin-builder-69d0bfa5c7f446b4.js]
[s.pinimg.com/webapp/6348-d6b0182311ca1b57.js]
[s.pinimg.com/webapp/4372-890df81679bd9cd3.js]
[s.pinimg.com/webapp/www/ideas/[interest]/[id]-2f378a74632f65be.js]
[s.pinimg.com/webapp/59248-034d17e5e0a6e40f.js]
[s.pinimg.com/webapp/39667-382b2a06a7f9a741.js]
[s.pinimg.com/webapp/56324-fa00cba55bb16830.js]
[s.pinimg.com/webapp/88821-b2ab8af2334fce63.js]
[s.pinimg.com/webapp/www/inbox-0dfa9d99cddfb26e.js]
[s.pinimg.com/webapp/www/inbox/requests-5758d6b032ddeddf.js]
[s.pinimg.com/webapp/www/index-b17f41b1b4ae7fe1.js]
[s.pinimg.com/webapp/www/invited-ba1164a8862763dc.js]
[s.pinimg.com/webapp/www/lens-search-ea07b6d90e484311.js]
[s.pinimg.com/webapp/65491-5a8f3474515027b4.js]
[s.pinimg.com/webapp/10702-d077968f09b6146a.js]
[s.pinimg.com/webapp/19110-0d0fde7a014f95b1.js]
[s.pinimg.com/webapp/www/lens-search/history-1f5799ff340234a2.js]
[s.pinimg.com/webapp/www/linked/signup/[step]-34b6738d45cbbd76.js]
[s.pinimg.com/webapp/www/login-0035b11db523cb3f.css]
[s.pinimg.com/webapp/www/login-f385e2829f4fa165.js]
[s.pinimg.com/webapp/www/login/mfa-d3c8480324586ad4.js]
[s.pinimg.com/webapp/www/mobile-ad-preview/[key]-438bc1bb2346f5e3.js]
[s.pinimg.com/webapp/www/multi-pin-share/[id]-63b23ded77298c3f.js]
[s.pinimg.com/webapp/25668-5dbc4419a9ffb9e1.js]
[s.pinimg.com/webapp/96492-080a9119e217268b.js]
[s.pinimg.com/webapp/31627-e9acc856401bce77.js]
[s.pinimg.com/webapp/www/news_hub/[id]-015498d743f8c97b.js]
[s.pinimg.com/webapp/www/notifications-9769db338caede7f.js]
[s.pinimg.com/webapp/www/oauth/login-0035b11db523cb3f.css]
[s.pinimg.com/webapp/www/oauth/login-d4f4ce53ad9f1445.js]
[s.pinimg.com/webapp/www/partner/business-content-46d49828d2d6eaac.js]
[s.pinimg.com/webapp/www/partner/business-content/all-content-b8da7c83ed4bd1f7.js]
[s.pinimg.com/webapp/www/partner/business-content/overview-17f3e2b7fda4cef2.js]
[s.pinimg.com/webapp/www/partner/business-content/pin/[pin_id]-efbbf0254e1ff1fb.js]
[s.pinimg.com/webapp/www/partner/business-content/sources-af87306cbb908ac0.js]
[s.pinimg.com/webapp/www/partner/business-content/tags-c02e9e245bf2c6f8.js]
[s.pinimg.com/webapp/40024-ad431889eb7a468c.js]
[s.pinimg.com/webapp/23945-c0f7aecefad99065.js]
[s.pinimg.com/webapp/82345-123151d66c667915.js]
[s.pinimg.com/webapp/www/password/reset-68d2ccc29fe5d56a.js]
[s.pinimg.com/webapp/www/password/reset/sent-fd109908173d85f7.js]
[s.pinimg.com/webapp/www/pin-builder-af36fafa5f2a03d9.css]
[s.pinimg.com/webapp/www/pin-builder-5e20a8957cdf32d3.js]
[s.pinimg.com/webapp/www/pin-creation-tool-af36fafa5f2a03d9.css]
[s.pinimg.com/webapp/www/pin-creation-tool-fad82113e7795940.js]
[s.pinimg.com/webapp/www/pin/[id]-0c31f2a9460bd378.js]
[s.pinimg.com/webapp/35948-ac666954ad938947.js]
[s.pinimg.com/webapp/www/pin/[id]/activity/tried-dabd1cee3fe63a08.js]
[s.pinimg.com/webapp/92385-1ffe72ae52dc4b52.js]
[s.pinimg.com/webapp/www/pin/[id]/brand-catalog-9e0a88d7750faf74.js]
[s.pinimg.com/webapp/www/pin/[id]/comments-0ad69246afcf69e5.js]
[s.pinimg.com/webapp/www/pin/[id]/comments/[comment_id]-75e9118520e72434.js]
[s.pinimg.com/webapp/www/pin/[id]/feedback-b1db0c38e6416d41.js]
[s.pinimg.com/webapp/www/pin/[id]/related-products/domain-e17ce995858fc62c.js]
[s.pinimg.com/webapp/www/pin/[id]/repin-d2a872c1c25c04e3.js]
[s.pinimg.com/webapp/4854-7a9b6efa8d63a8e7.js]
[s.pinimg.com/webapp/28468-339d90b450d59b77.js]
[s.pinimg.com/webapp/www/pin/[id]/repin/[boardId]-4735bc3e67109ebf.js]
[s.pinimg.com/webapp/www/pin/[id]/repin/[boardId]/add-572295397abdd49b.js]
[s.pinimg.com/webapp/www/pin/[id]/repin/x-a53fa36438e3c8a9.js]
[s.pinimg.com/webapp/www/pin/[id]/report-a5ec1d9b9bdf4667.js]
[s.pinimg.com/webapp/www/pin/[id]/sent-cf122f4c56da3aec.js]
[s.pinimg.com/webapp/www/pin/[id]/share-a0057e0b6c1bfcc2.js]
[s.pinimg.com/webapp/28454-a06253bc8cfeea3c.js]
[s.pinimg.com/webapp/382-9cf207087d37c2ce.js]
[s.pinimg.com/webapp/8653-aa659415cf3653ce.js]
[s.pinimg.com/webapp/7087-45cfff989467e436.js]
[s.pinimg.com/webapp/60756-5a75c5b6f6871f50.js]
[s.pinimg.com/webapp/2888-44ae7d8b62849ab1.js]
[s.pinimg.com/webapp/www/pin/[id]/visual-search-4835f79c43993636.js]
[s.pinimg.com/webapp/www/pin/[id]/visual-search/products-c8dec20b05080213.js]
[s.pinimg.com/webapp/61425-f3467b03fd276859.js]
[s.pinimg.com/webapp/www/pin/[id]/visual-shop-944316dc1c69dd69.js]
[s.pinimg.com/webapp/www/pins/debug/[source]-fd1531c9eb975f01.js]
[s.pinimg.com/webapp/84948-ad883209ac0db975.js]
[s.pinimg.com/webapp/www/pw/[username]-3b29bde1704aeee8.js]
[s.pinimg.com/webapp/www/quotes-pin/[id]-0e5971938dbe04f1.js]
[s.pinimg.com/webapp/www/recently-viewed-487bea9a5d8b83f8.js]
[s.pinimg.com/webapp/51497-f0ef56157ecdddee.js]
[s.pinimg.com/webapp/www/request-ad-data-53b3c0c243ad0240.js]
[s.pinimg.com/webapp/www/request-data-99caf0c467fe3273.js]
[s.pinimg.com/webapp/84043-bf966e5f70ac2352.js]
[s.pinimg.com/webapp/72163-1012daffa1c1f238.js]
[s.pinimg.com/webapp/75845-9c580ef2c7868dba.js]
[s.pinimg.com/webapp/www/search-15849c1cad83b1ab.js]
[s.pinimg.com/webapp/47002-0db08733bac3209d.js]
[s.pinimg.com/webapp/www/search/[scope]-19990452c1589fe0.js]
[s.pinimg.com/webapp/www/search/me-58a1f68e1a070645.js]
[s.pinimg.com/webapp/www/search/my_content-5eb96ca2b1d7542c.js]
[s.pinimg.com/webapp/www/secure/panic-f0287509440eee9f.js]
[s.pinimg.com/webapp/77230-f94e63b64f718211.js]
[s.pinimg.com/webapp/59397-a0dc1d1b3c4ba56f.js]
[s.pinimg.com/webapp/98330-69ced28603102cf0.js]
[s.pinimg.com/webapp/37743-c1e4fe8a67f907a1.js]
[s.pinimg.com/webapp/2686-c8917debe9a0d399.js]
[s.pinimg.com/webapp/www/settings/account-settings-4c41bcc3e45dd60c.css]
[s.pinimg.com/webapp/www/settings/account-settings-693fd0380d6f5a60.js]
[s.pinimg.com/webapp/95864-def2d80635fae417.js]
[s.pinimg.com/webapp/www/settings-a06582904c256c1f.js]
[s.pinimg.com/webapp/49604-acd46074dbd1c31b.js]
[s.pinimg.com/webapp/35744-0fbe18e7477718fc.js]
[s.pinimg.com/webapp/www/settings/branded-content-ca4ea1cbc7a47b0f.js]
[s.pinimg.com/webapp/38888-58b2e80637d08079.js]
[s.pinimg.com/webapp/26512-c6ab5a83560721e6.js]
[s.pinimg.com/webapp/72760-acbf61efd8e850a5.js]
[s.pinimg.com/webapp/31712-4261c3f091bf68da.js]
[s.pinimg.com/webapp/www/settings/bulk-create-pins-145588863d1b38ba.js]
[s.pinimg.com/webapp/33400-61b469286782df37.js]
[s.pinimg.com/webapp/27077-e03755fe15920f65.js]
[s.pinimg.com/webapp/www/settings/claim-41f4baf1a42f9f1d.js]
[s.pinimg.com/webapp/www/settings/content-permissions-dff570ea1ae10d95.js]
[s.pinimg.com/webapp/www/settings/edit-profile-1aa59738833910a4.js]
[s.pinimg.com/webapp/31365-7aa2045587c6beb9.js]
[s.pinimg.com/webapp/www/settings/edit/birthdate-6385d4bbfd3a175a.js]
[s.pinimg.com/webapp/www/settings/edit/business-type-6a0aee60300b2c48.js]
[s.pinimg.com/webapp/www/settings/edit/contact-name-5017119ff95ddcfd.js]
[s.pinimg.com/webapp/www/settings/edit/country-region-741cd17b18b5bc31.js]
[s.pinimg.com/webapp/91112-6b0916c698285229.js]
[s.pinimg.com/webapp/www/settings/edit/display-settings-7decf4ecbbb2b8d5.js]
[s.pinimg.com/webapp/71258-6d34ad640779ca06.js]
[s.pinimg.com/webapp/6037-c3606f87bfe413fd.js]
[s.pinimg.com/webapp/www/settings/edit/email-78ca711f47d1b408.js]
[s.pinimg.com/webapp/www/settings/edit/gender-a4c4399d4c53efd4.js]
[s.pinimg.com/webapp/www/settings/edit/login-5460361df12544ca.js]
[s.pinimg.com/webapp/www/settings/edit/password-af97f8fa1cd025ca.js]
[s.pinimg.com/webapp/www/settings/import-4c7afb6556537f9a.js]
[s.pinimg.com/webapp/www/settings/labs-1c7181f5da7ef9b4.js]
[s.pinimg.com/webapp/www/settings/messages-00d9d77881907035.js]
[s.pinimg.com/webapp/www/settings/messages/[group]-d4b87eb5b4c47d4d.js]
[s.pinimg.com/webapp/8849-5dbabdab79af9ff1.js]
[s.pinimg.com/webapp/www/settings/mfa/[step]-cd0d7286b7a125e0.js]
[s.pinimg.com/webapp/www/settings/mfa/disable-07b8fc733aa44e3e.js]
[s.pinimg.com/webapp/37364-23d2d43cbeff0c1d.js]
[s.pinimg.com/webapp/www/settings/notifications-0b06b5b3c5dfef42.js]
[s.pinimg.com/webapp/14318-064f8cd2af66ab25.js]
[s.pinimg.com/webapp/www/settings/permissions-177392dee1649f78.js]
[s.pinimg.com/webapp/www/settings/personal-information-30988c233ce669b5.js]
[s.pinimg.com/webapp/www/settings/phone-number-e626f87c571ba83a.js]
[s.pinimg.com/webapp/56484-6aad2a5f717bb131.js]
[s.pinimg.com/webapp/www/settings/privacy-3473faa00d540769.js]
[s.pinimg.com/webapp/www/settings/profile-visibility-a27c35580d3ae6dc.js]
[s.pinimg.com/webapp/9139-32d3cf182a2aa49f.js]
[s.pinimg.com/webapp/24364-0e069584f922f943.js]
[s.pinimg.com/webapp/www/settings/security-56e890ab8c5f5f8f.js]
[s.pinimg.com/webapp/www/settings/tax-documents-96cc632a145e2ab9.js]
[s.pinimg.com/webapp/98839-70afbbc79958fc3b.js]
[s.pinimg.com/webapp/83974-14aebc99cbce1428.js]
[s.pinimg.com/webapp/www/shopping-cc3d808deb5b4c01.js]
[s.pinimg.com/webapp/www/shopping/[category]/[id]-2cc95fa99be813b0.js]
[s.pinimg.com/webapp/www/signup/[step]-5767f86eb06111b8.js]
[s.pinimg.com/webapp/www/signup-92676092a0e9f359.js]
[s.pinimg.com/webapp/www/signup/line-email-collect-0dee5a3a7536f466.js]
[s.pinimg.com/webapp/95452-9661ece98992e64f.js]
[s.pinimg.com/webapp/www/signup/thirdpartyage-6bdf430573aedb52.js]
[s.pinimg.com/webapp/www/sso/[company]/callback-1fa0ddf01f1f6df9.js]
[s.pinimg.com/webapp/www/sso/callback-dbeee26d617da90d.js]
[s.pinimg.com/webapp/www/story_feed-b9e6ff241b7099a0.js]
[s.pinimg.com/webapp/www/switch_account-d9eb9bb725e7ee59.js]
[s.pinimg.com/webapp/79374-407507de2a214ed3.js]
[s.pinimg.com/webapp/www/today/[term]/[title]/[articleId]-0686521e93ea0cf6.js]
[s.pinimg.com/webapp/www/unauth-profile-0884aafd291e3e35.js]
[s.pinimg.com/webapp/www/unlink-8795ecec16e41912.js]
[s.pinimg.com/webapp/www/web-mentorship-f93a0c811bef5615.js]
[s.pinimg.com/webapp/www/web-mentorship/[username]-cd3e1beeb0f1e0fd.js]
[s.pinimg.com/webapp/www/web-mentorship/[username]/[page]-2122fea6cfae795a.js]
[www.pinterest.com/pin/create/button/ios-app_/429047995/pinterest/add_pin/_method=button&image_url=&source_url=https_/script.viserlab.com/visermart/demo/product/blue-printed-georgette-saree-/thumb_673b3f67a96ce1731]
[www.pinterest.com/pin/create/button/android-app_/com.pinterest/pinterest/www.pinterest.com/pin/create/button/_media=&url=https_/script.viserlab.com/visermart/demo/product/blue-printed-georg/thumb_673b3f67a96ce1731]
[www.pinterest.com/pin/create/button/ios-app_/429047995/pinterest/add_pin/_method=button&image_url=&source_url=https_/script.viserlab.com/visermart/demo/product/mens-maroon-puffer-jacket&des/thumb_673dc2280b4a51732]
[www.pinterest.com/pin/create/button/android-app_/com.pinterest/pinterest/www.pinterest.com/pin/create/button/_media=&url=https_/script.viserlab.com/visermart/demo/product/mens-maroon-puffer/thumb_673dc2280b4a51732]
[www.pinterest.com/pin/create/button/ios-app_/429047995/pinterest/add_pin/_method=button&image_url=&source_url=https_/script.viserlab.com/visermart/demo/product/colmi-p71-bluetooth-calling-s/thumb_673dd55ec6e701732]
[www.pinterest.com/pin/create/button/android-app_/com.pinterest/pinterest/www.pinterest.com/pin/create/button/_media=&url=https_/script.viserlab.com/visermart/demo/product/colmi-p71-bluetoot/thumb_673dd55ec6e701732]
[www.pinterest.com/pin/create/button/ios-app_/429047995/pinterest/add_pin/_method=button&image_url=&source_url=https_/script.viserlab.com/visermart/demo/product/mens-brown-leather-slip-on-sh/thumb_673de37d6ffbf1732]
[www.pinterest.com/pin/create/button/android-app_/com.pinterest/pinterest/www.pinterest.com/pin/create/button/_media=&url=https_/script.viserlab.com/visermart/demo/product/mens-brown-leather/thumb_673de37d6ffbf1732]
[www.pinterest.com/pin/create/button/ios-app_/429047995/pinterest/add_pin/_method=button&image_url=&source_url=https_/script.viserlab.com/visermart/demo/product/google-pixel-9&description=Go/thumb_6742cc61e7e5a1732]
[www.pinterest.com/pin/create/button/android-app_/com.pinterest/pinterest/www.pinterest.com/pin/create/button/_media=&url=https_/script.viserlab.com/visermart/demo/product/google-pixel-9&des/thumb_6742cc61e7e5a1732]
[www.pinterest.com/pin/create/button/ios-app_/429047995/pinterest/add_pin/_method=button&image_url=&source_url=https_/script.viserlab.com/visermart/demo/product/rolex-submariner-date-18k-yel/thumb_6742f2da56ae31732]
[www.pinterest.com/pin/create/button/android-app_/com.pinterest/pinterest/www.pinterest.com/pin/create/button/_media=&url=https_/script.viserlab.com/visermart/demo/product/rolex-submariner-d/thumb_6742f2da56ae31732]
[www.pinterest.com/pin/create/button/ios-app_/429047995/pinterest/add_pin/_method=button&image_url=&source_url=https_/script.viserlab.com/visermart/demo/product/pink-floral-embroidered-tulle/thumb_673c7441f17361732]
[www.pinterest.com/pin/create/button/android-app_/com.pinterest/pinterest/www.pinterest.com/pin/create/button/_media=&url=https_/script.viserlab.com/visermart/demo/product/pink-floral-embroi/thumb_673c7441f17361732]
[www.pinterest.com/pin/create/button/ios-app_/429047995/pinterest/add_pin/_method=button&image_url=&source_url=https_/script.viserlab.com/visermart/demo/product/womens-white-embroidered-top&/thumb_673c7441d87501732]
[www.pinterest.com/pin/create/button/android-app_/com.pinterest/pinterest/www.pinterest.com/pin/create/button/_media=&url=https_/script.viserlab.com/visermart/demo/product/womens-white-embro/thumb_673c7441d87501732]
[www.pinterest.com/pin/create/button/ios-app_/429047995/pinterest/add_pin/_method=button&image_url=&source_url=https_/script.viserlab.com/visermart/demo/product/womens-casual-loose-half-slee/thumb_673c7441c42541732]
[www.pinterest.com/pin/create/button/android-app_/com.pinterest/pinterest/www.pinterest.com/pin/create/button/_media=&url=https_/script.viserlab.com/visermart/demo/product/womens-casual-loos/thumb_673c7441c42541732]
[www.pinterest.com/pin/create/button/ios-app_/429047995/pinterest/add_pin/_method=button&image_url=&source_url=https_/script.viserlab.com/visermart/demo/product/womens-summer-casual-loose-to/thumb_673c7441a006d1732]
[www.pinterest.com/pin/create/button/android-app_/com.pinterest/pinterest/www.pinterest.com/pin/create/button/_media=&url=https_/script.viserlab.com/visermart/demo/product/womens-summer-casu/thumb_673c7441a006d1732]
[www.pinterest.com/pin/create/button/ios-app_/429047995/pinterest/add_pin/_method=button&image_url=&source_url=https_/script.viserlab.com/visermart/demo/product/fashionable-octagon-sunglasse/thumb_673c6ff230bb91732]
[www.pinterest.com/pin/create/button/android-app_/com.pinterest/pinterest/www.pinterest.com/pin/create/button/_media=&url=https_/script.viserlab.com/visermart/demo/product/fashionable-octago/thumb_673c6ff230bb91732]
[www.pinterest.com/pin/create/button/ios-app_/429047995/pinterest/add_pin/_method=button&image_url=&source_url=https_/script.viserlab.com/visermart/demo/product/fashionable-geometric-style-s/thumb_673c6ff2090b51732]
[www.pinterest.com/pin/create/button/android-app_/com.pinterest/pinterest/www.pinterest.com/pin/create/button/_media=&url=https_/script.viserlab.com/visermart/demo/product/fashionable-geomet/thumb_673c6ff2090b51732]
[www.pinterest.com/pin/create/button/ios-app_/429047995/pinterest/add_pin/_method=button&image_url=&source_url=https_/script.viserlab.com/visermart/demo/product/rhinestone-sunglasses&descrip/thumb_673c6ff1e7bfb1732]
[www.pinterest.com/pin/create/button/android-app_/com.pinterest/pinterest/www.pinterest.com/pin/create/button/_media=&url=https_/script.viserlab.com/visermart/demo/product/rhinestone-sunglas/thumb_673c6ff1e7bfb1732]
[www.pinterest.com/pin/create/button/ios-app_/429047995/pinterest/add_pin/_method=button&image_url=&source_url=https_/script.viserlab.com/visermart/demo/product/oversized-sunglasses-women-fa/thumb_673c6ff1d29971732]
[www.pinterest.com/pin/create/button/android-app_/com.pinterest/pinterest/www.pinterest.com/pin/create/button/_media=&url=https_/script.viserlab.com/visermart/demo/product/oversized-sunglass/thumb_673c6ff1d29971732]
[www.pinterest.com/pin/create/button/ios-app_/429047995/pinterest/add_pin/_method=button&image_url=&source_url=https_/script.viserlab.com/visermart/demo/product/womens-yoga-outfits-4-piece-s/thumb_673c654755f9e1732]
[www.pinterest.com/pin/create/button/android-app_/com.pinterest/pinterest/www.pinterest.com/pin/create/button/_media=&url=https_/script.viserlab.com/visermart/demo/product/womens-yoga-outfit/thumb_673c654755f9e1732]
[www.pinterest.com/pin/create/button/ios-app_/429047995/pinterest/add_pin/_method=button&image_url=&source_url=https_/script.viserlab.com/visermart/demo/product/womens-high-waist-workout-leg/thumb_673c6542d178e1732]
[www.pinterest.com/pin/create/button/android-app_/com.pinterest/pinterest/www.pinterest.com/pin/create/button/_media=&url=https_/script.viserlab.com/visermart/demo/product/womens-high-waist-/thumb_673c6542d178e1732]
[www.pinterest.com/pin/create/button/ios-app_/429047995/pinterest/add_pin/_method=button&image_url=&source_url=https_/script.viserlab.com/visermart/demo/product/womens-black-t-shirt-and-oliv/thumb_673c654331edf1732]
[www.pinterest.com/pin/create/button/android-app_/com.pinterest/pinterest/www.pinterest.com/pin/create/button/_media=&url=https_/script.viserlab.com/visermart/demo/product/womens-black-t-shi/thumb_673c654331edf1732]
[www.pinterest.com/pin/create/button/ios-app_/429047995/pinterest/add_pin/_method=button&image_url=&source_url=https_/script.viserlab.com/visermart/demo/product/womens-blue-yoga-fitness-spor/thumb_673c65432034c1732]
[www.pinterest.com/pin/create/button/android-app_/com.pinterest/pinterest/www.pinterest.com/pin/create/button/_media=&url=https_/script.viserlab.com/visermart/demo/product/womens-blue-yoga-f/thumb_673c65432034c1732]
[www.pinterest.com/pin/create/button/ios-app_/429047995/pinterest/add_pin/_method=button&image_url=&source_url=https_/script.viserlab.com/visermart/demo/product/womens-blue-white-crop-top-le/thumb_673c65430f5451732]
[www.pinterest.com/pin/create/button/android-app_/com.pinterest/pinterest/www.pinterest.com/pin/create/button/_media=&url=https_/script.viserlab.com/visermart/demo/product/womens-blue-white-/thumb_673c65430f5451732]
[www.pinterest.com/pin/create/button/ios-app_/429047995/pinterest/add_pin/_method=button&image_url=&source_url=https_/script.viserlab.com/visermart/demo/product/womens-black-crop-top-and-leg/thumb_673c654300f321732]
[www.pinterest.com/pin/create/button/android-app_/com.pinterest/pinterest/www.pinterest.com/pin/create/button/_media=&url=https_/script.viserlab.com/visermart/demo/product/womens-black-crop-/thumb_673c654300f321732]
[www.pinterest.com/pin/create/button/ios-app_/429047995/pinterest/add_pin/_method=button&image_url=&source_url=https_/script.viserlab.com/visermart/demo/product/womens-black-red-sporty-crop-/thumb_673c6542e54ba1732]
[www.pinterest.com/pin/create/button/android-app_/com.pinterest/pinterest/www.pinterest.com/pin/create/button/_media=&url=https_/script.viserlab.com/visermart/demo/product/womens-black-red-s/thumb_673c6542e54ba1732]
[www.pinterest.com/pin/create/button/ios-app_/429047995/pinterest/add_pin/_method=button&image_url=&source_url=https_/script.viserlab.com/visermart/demo/product/womens-denim-a-line-skirt&des/thumb_673b54f68898b1731]
[www.pinterest.com/pin/create/button/android-app_/com.pinterest/pinterest/www.pinterest.com/pin/create/button/_media=&url=https_/script.viserlab.com/visermart/demo/product/womens-denim-a-lin/thumb_673b54f68898b1731]
[www.pinterest.com/pin/create/button/ios-app_/429047995/pinterest/add_pin/_method=button&image_url=&source_url=https_/script.viserlab.com/visermart/demo/product/womens-high-waist-a-line-skir/thumb_673b54f6b34e31731]
[www.pinterest.com/pin/create/button/android-app_/com.pinterest/pinterest/www.pinterest.com/pin/create/button/_media=&url=https_/script.viserlab.com/visermart/demo/product/womens-high-waist-/thumb_673b54f6b34e31731]
[www.pinterest.com/pin/create/button/ios-app_/429047995/pinterest/add_pin/_method=button&image_url=&source_url=https_/script.viserlab.com/visermart/demo/product/womens-high-waist-button-a-li/thumb_673b53d9035211731]
[www.pinterest.com/pin/create/button/android-app_/com.pinterest/pinterest/www.pinterest.com/pin/create/button/_media=&url=https_/script.viserlab.com/visermart/demo/product/womens-high-waist-/thumb_673b53d9035211731]
[www.pinterest.com/pin/create/button/ios-app_/429047995/pinterest/add_pin/_method=button&image_url=&source_url=https_/script.viserlab.com/visermart/demo/product/womens-casual-a-line-mini-ski/thumb_673b53d97dcd21731]
[www.pinterest.com/pin/create/button/android-app_/com.pinterest/pinterest/www.pinterest.com/pin/create/button/_media=&url=https_/script.viserlab.com/visermart/demo/product/womens-casual-a-li/thumb_673b53d97dcd21731]
[www.pinterest.com/pin/create/button/ios-app_/429047995/pinterest/add_pin/_method=button&image_url=&source_url=https_/script.viserlab.com/visermart/demo/product/womens-high-waist-a-line-skir/thumb_673b53d968a1a1731]
[www.pinterest.com/pin/create/button/android-app_/com.pinterest/pinterest/www.pinterest.com/pin/create/button/_media=&url=https_/script.viserlab.com/visermart/demo/product/womens-high-waist-/thumb_673b53d968a1a1731]
[www.pinterest.com/pin/create/button/ios-app_/429047995/pinterest/add_pin/_method=button&image_url=&source_url=https_/script.viserlab.com/visermart/demo/product/womens-high-waisted-a-line-pl/thumb_673b53d950eb81731]
[www.pinterest.com/pin/create/button/android-app_/com.pinterest/pinterest/www.pinterest.com/pin/create/button/_media=&url=https_/script.viserlab.com/visermart/demo/product/womens-high-waiste/thumb_673b53d950eb81731]
[www.pinterest.com/pin/create/button/ios-app_/429047995/pinterest/add_pin/_method=button&image_url=&source_url=https_/script.viserlab.com/visermart/demo/product/womens-casual-button-front-a-/thumb_673b53d93590f1731]
[www.pinterest.com/pin/create/button/android-app_/com.pinterest/pinterest/www.pinterest.com/pin/create/button/_media=&url=https_/script.viserlab.com/visermart/demo/product/womens-casual-butt/thumb_673b53d93590f1731]
[www.pinterest.com/pin/create/button/ios-app_/429047995/pinterest/add_pin/_method=button&image_url=&source_url=https_/script.viserlab.com/visermart/demo/product/womens-casual-button-down-a-l/thumb_673b53d91f3251731]
[www.pinterest.com/pin/create/button/android-app_/com.pinterest/pinterest/www.pinterest.com/pin/create/button/_media=&url=https_/script.viserlab.com/visermart/demo/product/womens-casual-butt/thumb_673b53d91f3251731]
[www.pinterest.com/pin/create/button/ios-app_/429047995/pinterest/add_pin/_method=button&image_url=&source_url=https_/script.viserlab.com/visermart/demo/product/womens-classic-red-block-heel/thumb_673b519bb25a81731]
[www.pinterest.com/pin/create/button/android-app_/com.pinterest/pinterest/www.pinterest.com/pin/create/button/_media=&url=https_/script.viserlab.com/visermart/demo/product/womens-classic-red/thumb_673b519bb25a81731]
[www.pinterest.com/pin/create/button/ios-app_/429047995/pinterest/add_pin/_method=button&image_url=&source_url=https_/script.viserlab.com/visermart/demo/product/womens-breathable-knit-slip-o/thumb_673b519c1fd9c1731]
[www.pinterest.com/pin/create/button/android-app_/com.pinterest/pinterest/www.pinterest.com/pin/create/button/_media=&url=https_/script.viserlab.com/visermart/demo/product/womens-breathable-/thumb_673b519c1fd9c1731]
[www.pinterest.com/pin/create/button/ios-app_/429047995/pinterest/add_pin/_method=button&image_url=&source_url=https_/script.viserlab.com/visermart/demo/product/womens-pink-velvet-kitten-hee/thumb_673b519c058a91731]
[www.pinterest.com/pin/create/button/android-app_/com.pinterest/pinterest/www.pinterest.com/pin/create/button/_media=&url=https_/script.viserlab.com/visermart/demo/product/womens-pink-velvet/thumb_673b519c058a91731]
[www.pinterest.com/pin/create/button/ios-app_/429047995/pinterest/add_pin/_method=button&image_url=&source_url=https_/script.viserlab.com/visermart/demo/product/red-knitted-chain-buckle-bloc/thumb_673b519be55d71731]
[www.pinterest.com/pin/create/button/android-app_/com.pinterest/pinterest/www.pinterest.com/pin/create/button/_media=&url=https_/script.viserlab.com/visermart/demo/product/red-knitted-chain-/thumb_673b519be55d71731]
[www.pinterest.com/pin/create/button/index4e52.php]
[www.pinterest.com/pin/create/button/index40d9.php]
[www.pinterest.com/pin/create/button/indexd639.php]
[www.pinterest.com/pin/create/button/indexd7a9.php]
[www.pinterest.com/pin/create/button/indexe23c.php]
[www.pinterest.com/pin/create/button/index5178.php]
[www.pinterest.com/pin/create/button/index0d4b.php]
[www.pinterest.com/pin/create/button/indexfa43.php]
[www.pinterest.com/pin/create/button/ios-app_/429047995/pinterest/add_pin/_method=button&image_url=&source_url=https_/script.viserlab.com/visermart/demo/product/golf-zipper-leather-wallet&de/thumb_6742f7b700dc31732]
[www.pinterest.com/pin/create/button/android-app_/com.pinterest/pinterest/www.pinterest.com/pin/create/button/_media=&url=https_/script.viserlab.com/visermart/demo/product/golf-zipper-leathe/thumb_6742f7b700dc31732]
[www.pinterest.com/pin/create/button/ios-app_/429047995/pinterest/add_pin/_method=button&image_url=&source_url=https_/script.viserlab.com/visermart/demo/product/mens-short-sleeve-t-shirt-wit/thumb_673ca1c8666c11732]
[www.pinterest.com/pin/create/button/android-app_/com.pinterest/pinterest/www.pinterest.com/pin/create/button/_media=&url=https_/script.viserlab.com/visermart/demo/product/mens-short-sleeve-/thumb_673ca1c8666c11732]
[www.pinterest.com/pin/create/button/ios-app_/429047995/pinterest/add_pin/_method=button&image_url=&source_url=https_/script.viserlab.com/visermart/demo/product/eleiko-mens-t-shirt&descripti/thumb_673c9ee81c7e81732]
[www.pinterest.com/pin/create/button/android-app_/com.pinterest/pinterest/www.pinterest.com/pin/create/button/_media=&url=https_/script.viserlab.com/visermart/demo/product/eleiko-mens-t-shir/thumb_673c9ee81c7e81732]
